Bioassay	ExternalID	Genotype	OrganismPart	Gender	Timepoint	Sample	Dataset	ExpMatrixName	Batch	Treatment	notes	category
GSE14499_Biomat_15___BioAssayImplId=38718Name=Entorhinalcortex,APPtransgenicanimals,BDNFtreated,biologicalrep1	GSM362115	J20	Entorhinal_cortex	F	7_months	Entorhinalcortex,APP,BDNF,rep1	GSE14499	GSE14499_Biomat_15___BioAssayImplId=38718Name=Entorhinalcortex,APPtransgenicanimals,BDNFtreated,biologicalrep1	Batch_01_9_7_07	BDNF	Removed due to subset	removed by subset
GSE14499_Biomat_23___BioAssayImplId=38717Name=Entorhinalcortex,APPtransgenicanimals,BDNFtreated,biologicalrep2	GSM362116	J20	Entorhinal_cortex	M	7_months	Entorhinalcortex,APP,BDNF,rep2	GSE14499	GSE14499_Biomat_23___BioAssayImplId=38717Name=Entorhinalcortex,APPtransgenicanimals,BDNFtreated,biologicalrep2	Batch_01_9_7_07	BDNF	Removed due to subset	removed by subset
GSE14499_Biomat_24___BioAssayImplId=38716Name=Entorhinalcortex,APPtransgenicanimals,BDNFtreated,biologicalrep3	GSM362117	J20	Entorhinal_cortex	M	7_months	Entorhinalcortex,APP,BDNF,rep3	GSE14499	GSE14499_Biomat_24___BioAssayImplId=38716Name=Entorhinalcortex,APPtransgenicanimals,BDNFtreated,biologicalrep3	Batch_01_9_7_07	BDNF	Removed due to subset	removed by subset
GSE14499_Biomat_4___BioAssayImplId=38708Name=Entorhinalcortex,APPtransgenicanimals,BDNFtreated,biologicalrep4	GSM362125	J20	Entorhinal_cortex	F	7_months	Entorhinalcortex,APP,BDNF,rep4	GSE14499	GSE14499_Biomat_4___BioAssayImplId=38708Name=Entorhinalcortex,APPtransgenicanimals,BDNFtreated,biologicalrep4	Batch_01_9_7_07	BDNF	Removed due to subset	removed by subset
GSE14499_Biomat_26___BioAssayImplId=38714Name=Entorhinalcortex,APPtransgenicanimals,GFPtreated,biologicalrep1	GSM362119	J20	Entorhinal_cortex	M	7_months	Entorhinalcortex,APP,GFP,rep1	GSE14499	GSE14499_Biomat_26___BioAssayImplId=38714Name=Entorhinalcortex,APPtransgenicanimals,GFPtreated,biologicalrep1	Batch_01_9_7_07	GFP	Removed due to subset	removed by subset
GSE14499_Biomat_7___BioAssayImplId=38709Name=Entorhinalcortex,APPtransgenicanimals,GFPtreated,biologicalrep2	GSM362124	J20	Entorhinal_cortex	F	7_months	Entorhinalcortex,APP,GFP,rep2	GSE14499	GSE14499_Biomat_7___BioAssayImplId=38709Name=Entorhinalcortex,APPtransgenicanimals,GFPtreated,biologicalrep2	Batch_01_9_7_07	GFP	Removed due to subset	removed by subset
GSE14499_Biomat_5___BioAssayImplId=38707Name=Entorhinalcortex,APPtransgenicanimals,GFPtreated,biologicalrep3	GSM362126	J20	Entorhinal_cortex	M	7_months	Entorhinalcortex,APP,GFP,rep3	GSE14499	GSE14499_Biomat_5___BioAssayImplId=38707Name=Entorhinalcortex,APPtransgenicanimals,GFPtreated,biologicalrep3	Batch_01_9_7_07	GFP	Removed due to subset	removed by subset
GSE14499_Biomat_9___BioAssayImplId=38706Name=Entorhinalcortex,APPtransgenicanimals,GFPtreated,biologicalrep4	GSM362127	J20	Entorhinal_cortex	F	7_months	Entorhinalcortex,APP,GFP,rep4	GSE14499	GSE14499_Biomat_9___BioAssayImplId=38706Name=Entorhinalcortex,APPtransgenicanimals,GFPtreated,biologicalrep4	Batch_01_9_7_07	GFP	Removed due to subset	removed by subset
GSE14499_Biomat_25___BioAssayImplId=38715Name=Entorhinalcortex,non.transgenicanimals,GFPtreated,biologicalrep1	GSM362118	WT	Entorhinal_cortex	F	7_months	Entorhinalcortex,GFPtreated,rep1	GSE14499	GSE14499_Biomat_25___BioAssayImplId=38715Name=Entorhinalcortex,non.transgenicanimals,GFPtreated,biologicalrep1	Batch_01_9_7_07	GFP	Removed due to subset	removed by subset
GSE14499_Biomat_3___BioAssayImplId=38713Name=Entorhinalcortex,non.transgenicanimals,GFPtreated,biologicalrep2	GSM362120	WT	Entorhinal_cortex	F	7_months	Entorhinalcortex,GFPtreated,rep2	GSE14499	GSE14499_Biomat_3___BioAssayImplId=38713Name=Entorhinalcortex,non.transgenicanimals,GFPtreated,biologicalrep2	Batch_01_9_7_07	GFP	Removed due to subset	removed by subset
GSE14499_Biomat_2___BioAssayImplId=38711Name=Entorhinalcortex,non.transgenicanimals,shamlesion,biologicalrep2	GSM362122	WT	Entorhinal_cortex	F	7_months	Entorhinalcortex,shamlesion,rep2	GSE14499	GSE14499_Biomat_2___BioAssayImplId=38711Name=Entorhinalcortex,non.transgenicanimals,shamlesion,biologicalrep2	Batch_01_9_7_07	reference	Removed due to subset	removed by subset
GSE14499_Biomat_1___BioAssayImplId=38712Name=Entorhinalcortex,non.transgenicanimals,shamlesion,biologicalrep1	GSM362121	WT	Entorhinal_cortex	F	7_months	Entorhinalcortex,sham,rep1	GSE14499	GSE14499_Biomat_1___BioAssayImplId=38712Name=Entorhinalcortex,non.transgenicanimals,shamlesion,biologicalrep1	Batch_01_9_7_07	reference	Removed due to subset	removed by subset
GSE14499_Biomat_6___BioAssayImplId=38710Name=Entorhinalcortex,non.transgenicanimals,shamlesion,biologicalrep3	GSM362123	WT	Entorhinal_cortex	F	7_months	Entorhinalcortex,sham,rep3	GSE14499	GSE14499_Biomat_6___BioAssayImplId=38710Name=Entorhinalcortex,non.transgenicanimals,shamlesion,biologicalrep3	Batch_01_9_7_07	reference	Removed due to subset	removed by subset
GSE14499_Biomat_16___BioAssayImplId=38700Name=Hippocampus,APPtransgenicanimals,BDNFtreated,biologicalrep1	GSM362133	J20	Hippocampus	F	7_months	Hippocampus,APP,BDNF,rep1	GSE14499	GSE14499_Biomat_16___BioAssayImplId=38700Name=Hippocampus,APPtransgenicanimals,BDNFtreated,biologicalrep1	Batch_02_9_28_07	BDNF	Removed due to subset	removed by subset
GSE14499_Biomat_18___BioAssayImplId=38698Name=Hippocampus,APPtransgenicanimals,BDNFtreated,biologicalrep2	GSM362135	J20	Hippocampus	F	7_months	Hippocampus,APP,BDNF,rep2	GSE14499	GSE14499_Biomat_18___BioAssayImplId=38698Name=Hippocampus,APPtransgenicanimals,BDNFtreated,biologicalrep2	Batch_02_9_28_07	BDNF	Removed due to subset	removed by subset
GSE14499_Biomat_20___BioAssayImplId=38696Name=Hippocampus,APPtransgenicanimals,BDNFtreated,biologicalrep3	GSM362137	J20	Hippocampus	M	7_months	Hippocampus,APP,BDNF,rep3	GSE14499	GSE14499_Biomat_20___BioAssayImplId=38696Name=Hippocampus,APPtransgenicanimals,BDNFtreated,biologicalrep3	Batch_02_9_28_07	BDNF	Removed due to subset	removed by subset
GSE14499_Biomat_11___BioAssayImplId=38693Name=Hippocampus,APPtransgenicanimals,BDNFtreated,biologicalrep4	GSM362140	J20	Hippocampus	M	7_months	Hippocampus,APP,BDNF,rep4	GSE14499	GSE14499_Biomat_11___BioAssayImplId=38693Name=Hippocampus,APPtransgenicanimals,BDNFtreated,biologicalrep4	Batch_02_9_28_07	BDNF	Removed due to subset	removed by subset
GSE36237_Biomat_6___BioAssayImplId=298330Name=HippPDE9_TG_1	GSM884874	Tg2576	Hippocampus	NA	5_months	HippPDE9_TG_1	GSE36237	GSE36237_Biomat_6___BioAssayImplId=298330Name=HippPDE9Tg+,rep1	Batch_03_04_03_08	phosphodiesterase_9A	Possibly a sample swamp(should be prefrontal cortex sample) or a mixture of hippocampus and prefrontal cortex sample (sample correlation outlier)	outlier
GSE36237_Biomat_5___BioAssayImplId=298329Name=HippPDE9_TG_2	GSM884875	Tg2576	Hippocampus	NA	5_months	HippPDE9_TG_2	GSE36237	GSE36237_Biomat_5___BioAssayImplId=298329Name=HippPDE9Tg+,rep2	Batch_03_04_03_08	phosphodiesterase_9A	Removed due to subset	removed by subset
GSE36237_Biomat_4___BioAssayImplId=298328Name=HippPDE9_TG_3	GSM884876	Tg2576	Hippocampus	NA	5_months	HippPDE9_TG_3	GSE36237	GSE36237_Biomat_4___BioAssayImplId=298328Name=HippPDE9Tg+,rep3	Batch_03_04_03_08	phosphodiesterase_9A	Removed due to subset	removed by subset
GSE36237_Biomat_3___BioAssayImplId=298327Name=HippPDE9_TG_4	GSM884877	Tg2576	Hippocampus	NA	5_months	HippPDE9_TG_4	GSE36237	GSE36237_Biomat_3___BioAssayImplId=298327Name=HippPDE9Tg+,rep4	Batch_03_04_03_08	phosphodiesterase_9A	Removed due to subset	removed by subset
GSE36237_Biomat_2___BioAssayImplId=298326Name=HippPDE9_TG_5	GSM884878	Tg2576	Hippocampus	NA	5_months	HippPDE9_TG_5	GSE36237	GSE36237_Biomat_2___BioAssayImplId=298326Name=HippPDE9Tg+,rep5	Batch_03_04_03_08	phosphodiesterase_9A	Removed due to subset	removed by subset
GSE36237_Biomat_1___BioAssayImplId=298325Name=HippPDE9_TG_6	GSM884879	Tg2576	Hippocampus	NA	5_months	HippPDE9_TG_6	GSE36237	GSE36237_Biomat_1___BioAssayImplId=298325Name=HippPDE9Tg+,rep6	Batch_03_04_03_08	phosphodiesterase_9A	Removed due to subset	removed by subset
GSE36237_Biomat_10___BioAssayImplId=298324Name=HippPDE9_TG_7	GSM884880	Tg2576	Hippocampus	NA	5_months	HippPDE9_TG_7	GSE36237	GSE36237_Biomat_10___BioAssayImplId=298324Name=HippPDE9Tg+,rep7	Batch_03_04_03_08	phosphodiesterase_9A	Removed due to subset	removed by subset
GSE36237_Biomat_7___BioAssayImplId=298323Name=HippPDE9_TG_8	GSM884881	Tg2576	Hippocampus	NA	5_months	HippPDE9_TG_8	GSE36237	GSE36237_Biomat_7___BioAssayImplId=298323Name=HippPDE9Tg+,rep8	Batch_03_04_03_08	phosphodiesterase_9A	Removed due to subset	removed by subset
GSE36237_Biomat_8___BioAssayImplId=298322Name=HippPDE9_WT_1	GSM884882	WT	Hippocampus	NA	5_months	HippPDE9_WT_1	GSE36237	GSE36237_Biomat_8___BioAssayImplId=298322Name=HippPDE9Tg.,rep1	Batch_03_04_03_08	phosphodiesterase_9A	Removed due to subset	removed by subset
GSE36237_Biomat_22___BioAssayImplId=298321Name=HippPDE9_WT_2	GSM884883	WT	Hippocampus	NA	5_months	HippPDE9_WT_2	GSE36237	GSE36237_Biomat_22___BioAssayImplId=298321Name=HippPDE9Tg.,rep2	Batch_03_04_03_08	phosphodiesterase_9A	Removed due to subset	removed by subset
GSE36237_Biomat_21___BioAssayImplId=298320Name=HippPDE9_WT_3	GSM884884	WT	Hippocampus	NA	5_months	HippPDE9_WT_3	GSE36237	GSE36237_Biomat_21___BioAssayImplId=298320Name=HippPDE9Tg.,rep3	Batch_03_04_03_08	phosphodiesterase_9A	Removed due to subset	removed by subset
GSE36237_Biomat_24___BioAssayImplId=298319Name=HippPDE9_WT_4	GSM884885	WT	Hippocampus	NA	5_months	HippPDE9_WT_4	GSE36237	GSE36237_Biomat_24___BioAssayImplId=298319Name=HippPDE9Tg.,rep4	Batch_03_04_03_08	phosphodiesterase_9A	Removed due to subset	removed by subset
GSE36237_Biomat_23___BioAssayImplId=298318Name=HippPDE9_WT_5	GSM884886	WT	Hippocampus	NA	5_months	HippPDE9_WT_5	GSE36237	GSE36237_Biomat_23___BioAssayImplId=298318Name=HippPDE9Tg.,rep5	Batch_03_04_03_08	phosphodiesterase_9A	Removed due to subset	removed by subset
GSE36237_Biomat_19___BioAssayImplId=298317Name=HippPDE9_WT_6	GSM884887	WT	Hippocampus	NA	5_months	HippPDE9_WT_6	GSE36237	GSE36237_Biomat_19___BioAssayImplId=298317Name=HippPDE9Tg.,rep6	Batch_03_04_03_08	phosphodiesterase_9A	Removed due to subset	removed by subset
GSE36237_Biomat_18___BioAssayImplId=298316Name=HippPDE9_WT_7	GSM884888	WT	Hippocampus	NA	5_months	HippPDE9_WT_7	GSE36237	GSE36237_Biomat_18___BioAssayImplId=298316Name=HippPDE9Tg.,rep7	Batch_03_04_03_08	phosphodiesterase_9A	Removed due to subset	removed by subset
GSE36237_Biomat_20___BioAssayImplId=298315Name=HippPDE9_WT_8	GSM884889	WT	Hippocampus	NA	5_months	HippPDE9_WT_8	GSE36237	GSE36237_Biomat_20___BioAssayImplId=298315Name=HippPDE9Tg.,rep8	Batch_03_04_03_08	phosphodiesterase_9A	Removed due to subset	removed by subset
GSE36237_Biomat_35___BioAssayImplId=298298Name=PfCPDE9_TG_1	GSM884906	Tg2576	Prefrontal_cortex	NA	5_months	PfCPDE9_TG_1	GSE36237	GSE36237_Biomat_35___BioAssayImplId=298298Name=PfCPDE9Tg+,rep1	Batch_01_27_02_08	phosphodiesterase_9A	Removed due to subset	removed by subset
GSE36237_Biomat_36___BioAssayImplId=298297Name=PfCPDE9_TG_2	GSM884907	Tg2576	Prefrontal_cortex	NA	5_months	PfCPDE9_TG_2	GSE36237	GSE36237_Biomat_36___BioAssayImplId=298297Name=PfCPDE9Tg+,rep2	Batch_01_27_02_08	phosphodiesterase_9A	Removed due to subset	removed by subset
GSE36237_Biomat_33___BioAssayImplId=298296Name=PfCPDE9_TG_3	GSM884908	Tg2576	Prefrontal_cortex	NA	5_months	PfCPDE9_TG_3	GSE36237	GSE36237_Biomat_33___BioAssayImplId=298296Name=PfCPDE9Tg+,rep3	Batch_01_27_02_08	phosphodiesterase_9A	Removed due to subset	removed by subset
GSE36237_Biomat_34___BioAssayImplId=298295Name=PfCPDE9_TG_4	GSM884909	Tg2576	Prefrontal_cortex	NA	5_months	PfCPDE9_TG_4	GSE36237	GSE36237_Biomat_34___BioAssayImplId=298295Name=PfCPDE9Tg+,rep4	Batch_01_27_02_08	phosphodiesterase_9A	Removed due to subset	removed by subset
GSE36237_Biomat_45___BioAssayImplId=298294Name=PfCPDE9_TG_5	GSM884910	Tg2576	Prefrontal_cortex	NA	5_months	PfCPDE9_TG_5	GSE36237	GSE36237_Biomat_45___BioAssayImplId=298294Name=PfCPDE9Tg+,rep5	Batch_01_27_02_08	phosphodiesterase_9A	Removed due to subset	removed by subset
GSE36237_Biomat_47___BioAssayImplId=298293Name=PfCPDE9_TG_6	GSM884911	Tg2576	Prefrontal_cortex	NA	5_months	PfCPDE9_TG_6	GSE36237	GSE36237_Biomat_47___BioAssayImplId=298293Name=PfCPDE9Tg+,rep6	Batch_01_27_02_08	phosphodiesterase_9A	Removed due to subset	removed by subset
GSE36237_Biomat_46___BioAssayImplId=298292Name=PfCPDE9_TG_7	GSM884912	Tg2576	Prefrontal_cortex	NA	5_months	PfCPDE9_TG_7	GSE36237	GSE36237_Biomat_46___BioAssayImplId=298292Name=PfCPDE9Tg+,rep7	Batch_01_27_02_08	phosphodiesterase_9A	Removed due to subset	removed by subset
GSE36237_Biomat_52___BioAssayImplId=298291Name=PfCPDE9_TG_8	GSM884913	Tg2576	Prefrontal_cortex	NA	5_months	PfCPDE9_TG_8	GSE36237	GSE36237_Biomat_52___BioAssayImplId=298291Name=PfCPDE9Tg+,rep8	Batch_01_27_02_08	phosphodiesterase_9A	Removed due to subset	removed by subset
GSE36237_Biomat_51___BioAssayImplId=298290Name=PfCPDE9_WT_1	GSM884914	WT	Prefrontal_cortex	NA	5_months	PfCPDE9_WT_1	GSE36237	GSE36237_Biomat_51___BioAssayImplId=298290Name=PfCPDE9Tg.,rep1	Batch_01_27_02_08	phosphodiesterase_9A	Removed due to subset	removed by subset
GSE36237_Biomat_54___BioAssayImplId=298289Name=PfCPDE9_WT_2	GSM884915	WT	Prefrontal_cortex	NA	5_months	PfCPDE9_WT_2	GSE36237	GSE36237_Biomat_54___BioAssayImplId=298289Name=PfCPDE9Tg.,rep2	Batch_01_27_02_08	phosphodiesterase_9A	Removed due to subset	removed by subset
GSE36237_Biomat_53___BioAssayImplId=298288Name=PfCPDE9_WT_3	GSM884916	WT	Prefrontal_cortex	NA	5_months	PfCPDE9_WT_3	GSE36237	GSE36237_Biomat_53___BioAssayImplId=298288Name=PfCPDE9Tg.,rep3	Batch_01_27_02_08	phosphodiesterase_9A	Removed due to subset	removed by subset
GSE36237_Biomat_49___BioAssayImplId=298287Name=PfCPDE9_WT_4	GSM884917	WT	Prefrontal_cortex	NA	5_months	PfCPDE9_WT_4	GSE36237	GSE36237_Biomat_49___BioAssayImplId=298287Name=PfCPDE9Tg.,rep4	Batch_01_27_02_08	phosphodiesterase_9A	Removed due to subset	removed by subset
GSE36237_Biomat_48___BioAssayImplId=298286Name=PfCPDE9_WT_5	GSM884918	WT	Prefrontal_cortex	NA	5_months	PfCPDE9_WT_5	GSE36237	GSE36237_Biomat_48___BioAssayImplId=298286Name=PfCPDE9Tg.,rep5	Batch_01_27_02_08	phosphodiesterase_9A	Removed due to subset	removed by subset
GSE36237_Biomat_50___BioAssayImplId=298285Name=PfCPDE9_WT_6	GSM884919	WT	Prefrontal_cortex	NA	5_months	PfCPDE9_WT_6	GSE36237	GSE36237_Biomat_50___BioAssayImplId=298285Name=PfCPDE9Tg.,rep6	Batch_01_27_02_08	phosphodiesterase_9A	Removed due to subset	removed by subset
GSE36237_Biomat_58___BioAssayImplId=298284Name=PfCPDE9_WT_7	GSM884920	WT	Prefrontal_cortex	NA	5_months	PfCPDE9_WT_7	GSE36237	GSE36237_Biomat_58___BioAssayImplId=298284Name=PfCPDE9Tg.,rep7	Batch_01_27_02_08	phosphodiesterase_9A	Removed due to subset	removed by subset
GSE36237_Biomat_57___BioAssayImplId=298283Name=PfCPDE9_WT_8	GSM884921	WT	Prefrontal_cortex	NA	5_months	PfCPDE9_WT_8	GSE36237	GSE36237_Biomat_57___BioAssayImplId=298283Name=PfCPDE9Tg.,rep8	Batch_01_27_02_08	phosphodiesterase_9A	Removed due to subset	removed by subset
GSE36237_Biomat_56___BioAssayImplId=298282Name=PfCVeh_TG_1	GSM884922	Tg2576	Prefrontal_cortex	NA	5_months	PfCVeh_TG_1	GSE36237	GSE36237_Biomat_56___BioAssayImplId=298282Name=PfCVehTg+,rep1	Batch_01_27_02_08	reference	Removed due to subset	removed by subset
GSE36237_Biomat_55___BioAssayImplId=298281Name=PfCVeh_TG_2	GSM884923	Tg2576	Prefrontal_cortex	NA	5_months	PfCVeh_TG_2	GSE36237	GSE36237_Biomat_55___BioAssayImplId=298281Name=PfCVehTg+,rep2	Batch_01_27_02_08	reference	Removed due to subset	removed by subset
GSE36237_Biomat_64___BioAssayImplId=298280Name=PfCVeh_TG_3	GSM884924	Tg2576	Prefrontal_cortex	NA	5_months	PfCVeh_TG_3	GSE36237	GSE36237_Biomat_64___BioAssayImplId=298280Name=PfCVehTg+,rep3	Batch_01_27_02_08	reference	Removed due to subset	removed by subset
GSE36237_Biomat_63___BioAssayImplId=298279Name=PfCVeh_TG_4	GSM884925	Tg2576	Prefrontal_cortex	NA	5_months	PfCVeh_TG_4	GSE36237	GSE36237_Biomat_63___BioAssayImplId=298279Name=PfCVehTg+,rep4	Batch_01_27_02_08	reference	Removed due to subset	removed by subset
GSE36237_Biomat_62___BioAssayImplId=298278Name=PfCVeh_TG_5	GSM884926	Tg2576	Prefrontal_cortex	NA	5_months	PfCVeh_TG_5	GSE36237	GSE36237_Biomat_62___BioAssayImplId=298278Name=PfCVehTg+,rep5	Batch_01_27_02_08	reference	Removed due to subset	removed by subset
GSE36237_Biomat_61___BioAssayImplId=298277Name=PfCVeh_TG_6	GSM884927	Tg2576	Prefrontal_cortex	NA	5_months	PfCVeh_TG_6	GSE36237	GSE36237_Biomat_61___BioAssayImplId=298277Name=PfCVehTg+,rep6	Batch_01_27_02_08	reference	Removed due to subset	removed by subset
GSE36237_Biomat_60___BioAssayImplId=298276Name=PfCVeh_TG_7	GSM884928	Tg2576	Prefrontal_cortex	NA	5_months	PfCVeh_TG_7	GSE36237	GSE36237_Biomat_60___BioAssayImplId=298276Name=PfCVehTg+,rep7	Batch_01_27_02_08	reference	Removed due to subset	removed by subset
GSE36237_Biomat_59___BioAssayImplId=298275Name=PfCVeh_TG_8	GSM884929	Tg2576	Prefrontal_cortex	NA	5_months	PfCVeh_TG_8	GSE36237	GSE36237_Biomat_59___BioAssayImplId=298275Name=PfCVehTg+,rep8	Batch_01_27_02_08	reference	Removed due to subset	removed by subset
GSE36237_Biomat_9___BioAssayImplId=298274Name=PfCVeh_WT_1	GSM884930	WT	Prefrontal_cortex	NA	5_months	PfCVeh_WT_1	GSE36237	GSE36237_Biomat_9___BioAssayImplId=298274Name=PfCVehTg.,rep1	Batch_01_27_02_08	reference	Removed due to subset	removed by subset
GSE36237_Biomat_12___BioAssayImplId=298273Name=PfCVeh_WT_2	GSM884931	WT	Prefrontal_cortex	NA	5_months	PfCVeh_WT_2	GSE36237	GSE36237_Biomat_12___BioAssayImplId=298273Name=PfCVehTg.,rep2	Batch_01_27_02_08	reference	Removed due to subset	removed by subset
GSE36237_Biomat_11___BioAssayImplId=298272Name=PfCVeh_WT_3	GSM884932	WT	Prefrontal_cortex	NA	5_months	PfCVeh_WT_3	GSE36237	GSE36237_Biomat_11___BioAssayImplId=298272Name=PfCVehTg.,rep3	Batch_01_27_02_08	reference	Removed due to subset	removed by subset
GSE36237_Biomat_14___BioAssayImplId=298271Name=PfCVeh_WT_4	GSM884933	WT	Prefrontal_cortex	NA	5_months	PfCVeh_WT_4	GSE36237	GSE36237_Biomat_14___BioAssayImplId=298271Name=PfCVehTg.,rep4	Batch_01_27_02_08	reference	Removed due to subset	removed by subset
GSE36237_Biomat_13___BioAssayImplId=298270Name=PfCVeh_WT_5	GSM884934	WT	Prefrontal_cortex	NA	5_months	PfCVeh_WT_5	GSE36237	GSE36237_Biomat_13___BioAssayImplId=298270Name=PfCVehTg.,rep5	Batch_01_27_02_08	reference	Removed due to subset	removed by subset
GSE36237_Biomat_16___BioAssayImplId=298269Name=PfCVeh_WT_6	GSM884935	WT	Prefrontal_cortex	NA	5_months	PfCVeh_WT_6	GSE36237	GSE36237_Biomat_16___BioAssayImplId=298269Name=PfCVehTg.,rep6	Batch_01_27_02_08	reference	Removed due to subset	removed by subset
GSE36237_Biomat_15___BioAssayImplId=298268Name=PfCVeh_WT_7	GSM884936	WT	Prefrontal_cortex	NA	5_months	PfCVeh_WT_7	GSE36237	GSE36237_Biomat_15___BioAssayImplId=298268Name=PfCVehTg.,rep7	Batch_01_27_02_08	reference	Removed due to subset	removed by subset
GSE36237_Biomat_17___BioAssayImplId=298267Name=PfCVeh_WT_8	GSM884937	WT	Prefrontal_cortex	NA	5_months	PfCVeh_WT_8	GSE36237	GSE36237_Biomat_17___BioAssayImplId=298267Name=PfCVehTg.,rep8	Batch_03_04_03_08	reference	Removed due to subset	removed by subset
ModeledafterGSE63617_Biomat_33___BioAssayImplId=380383Name=15m_bfb_AD11[NFND_251269422935_S01_GE2.v4_91]	GSM1553825	AD11	Basal_forebrain	NA	15_months	15m_bfb_AD11_rep3	GSE63617.1	ModeledafterGSE63617_Biomat_33___BioAssayImplId=380383Name=15m_bfb_AD11[NFND_251269422935_S01_GE2.v4_91]	Batch_01_24_11_06	NA	sample correlation outlier	outlier
GSE63617_Biomat_31___BioAssayImplId=380385Name=15m_bfb_AD11[NFND_251269422747_S01_GE2.v4_91]	GSM1553823	AD11	Basal_forebrain	NA	15_months	15m_bfb_AD11_rep1	GSE63617.1	GSE63617_Biomat_31___BioAssayImplId=380385Name=15m_bfb_AD11[NFND_251269422747_S01_GE2.v4_91]	Batch_01_24_11_06	NA	Removed due to subset	removed by subset
GSE63617_Biomat_32___BioAssayImplId=380384Name=15m_bfb_AD11[NFND_251269422748_S01_GE2.v4_91]	GSM1553824	AD11	Basal_forebrain	NA	15_months	15m_bfb_AD11_rep2	GSE63617.1	GSE63617_Biomat_32___BioAssayImplId=380384Name=15m_bfb_AD11[NFND_251269422748_S01_GE2.v4_91]	Batch_01_24_11_06	NA	Removed due to subset	removed by subset
GSE63617_Biomat_34___BioAssayImplId=380382Name=15m_bfb_AD11[NFND_251269422936_S01_GE2.v4_91]	GSM1553826	AD11	Basal_forebrain	NA	15_months	15m_bfb_AD11_rep4	GSE63617.1	GSE63617_Biomat_34___BioAssayImplId=380382Name=15m_bfb_AD11[NFND_251269422936_S01_GE2.v4_91]	Batch_01_24_11_06	NA	Removed due to subset	removed by subset
ModeledafterGSE63617_Biomat_35___BioAssayImplId=380381Name=15m_bfb_AD11[NFND_251269422937_S01_GE2.v4_91]	GSM1553827	AD11	Basal_forebrain	NA	15_months	15m_bfb_AD11_rep5	GSE63617.1	ModeledafterGSE63617_Biomat_35___BioAssayImplId=380381Name=15m_bfb_AD11[NFND_251269422937_S01_GE2.v4_91]	Batch_01_24_11_06	NA	Removed due to subset	removed by subset
ModeledafterGSE63617_Biomat_36___BioAssayImplId=380380Name=15m_bfb_VH[NFND_251269422743_S01_GE2.v4_91]	GSM1553828	WT	Basal_forebrain	NA	15_months	15m_bfb_VH_rep1	GSE63617.1	ModeledafterGSE63617_Biomat_36___BioAssayImplId=380380Name=15m_bfb_VH[NFND_251269422743_S01_GE2.v4_91]	Batch_01_24_11_06	NA	Removed due to subset	removed by subset
GSE63617_Biomat_37___BioAssayImplId=380379Name=15m_bfb_VH[NFND_251269422744_S01_GE2.v4_91]	GSM1553829	WT	Basal_forebrain	NA	15_months	15m_bfb_VH_rep2	GSE63617.1	GSE63617_Biomat_37___BioAssayImplId=380379Name=15m_bfb_VH[NFND_251269422744_S01_GE2.v4_91]	Batch_01_24_11_06	NA	Removed due to subset	removed by subset
GSE63617_Biomat_38___BioAssayImplId=380378Name=15m_bfb_VH[NFND_251269422746_S01_GE2.v4_91]	GSM1553830	WT	Basal_forebrain	NA	15_months	15m_bfb_VH_rep3	GSE63617.1	GSE63617_Biomat_38___BioAssayImplId=380378Name=15m_bfb_VH[NFND_251269422746_S01_GE2.v4_91]	Batch_01_24_11_06	NA	Removed due to subset	removed by subset
GSE63617_Biomat_39___BioAssayImplId=380377Name=15m_bfb_VH[NFND_251269423498_S01_GE2.v4_91]	GSM1553831	WT	Basal_forebrain	NA	15_months	15m_bfb_VH_rep4	GSE63617.1	GSE63617_Biomat_39___BioAssayImplId=380377Name=15m_bfb_VH[NFND_251269423498_S01_GE2.v4_91]	Batch_01_24_11_06	NA	Removed due to subset	removed by subset
ModeledafterGSE63617_Biomat_40___BioAssayImplId=380376Name=15m_bfb_VH[NFND_251269423499_S01_GE2.v4_91]	GSM1553832	WT	Basal_forebrain	NA	15_months	15m_bfb_VH_rep5	GSE63617.1	ModeledafterGSE63617_Biomat_40___BioAssayImplId=380376Name=15m_bfb_VH[NFND_251269423499_S01_GE2.v4_91]	Batch_01_24_11_06	NA	Removed due to subset	removed by subset
GSE63617_Biomat_41___BioAssayImplId=380375Name=15m_ctx_AD11[NFND_251269423490_S01_GE2.v4_91]	GSM1553833	AD11	Cortex	NA	15_months	15m_ctx_AD11_rep1	GSE63617.1	GSE63617_Biomat_41___BioAssayImplId=380375Name=15m_ctx_AD11[NFND_251269423490_S01_GE2.v4_91]	Batch_02_01_12_06	NA	Removed due to subset	removed by subset
GSE63617_Biomat_42___BioAssayImplId=380374Name=15m_ctx_AD11[NFND_251269423492_S01_GE2.v4_91]	GSM1553834	AD11	Cortex	NA	15_months	15m_ctx_AD11_rep2	GSE63617.1	GSE63617_Biomat_42___BioAssayImplId=380374Name=15m_ctx_AD11[NFND_251269423492_S01_GE2.v4_91]	Batch_02_01_12_06	NA	Removed due to subset	removed by subset
ModeledafterGSE63617_Biomat_43___BioAssayImplId=380373Name=15m_ctx_AD11[NFND_251269423494_S01_GE2.v4_91]	GSM1553835	AD11	Cortex	NA	15_months	15m_ctx_AD11_rep3	GSE63617.1	ModeledafterGSE63617_Biomat_43___BioAssayImplId=380373Name=15m_ctx_AD11[NFND_251269423494_S01_GE2.v4_91]	Batch_02_01_12_06	NA	Removed due to subset	removed by subset
GSE63617_Biomat_44___BioAssayImplId=380372Name=15m_ctx_AD11[NFND_251269423496_S01_GE2.v4_91]	GSM1553836	AD11	Cortex	NA	15_months	15m_ctx_AD11_rep4	GSE63617.1	GSE63617_Biomat_44___BioAssayImplId=380372Name=15m_ctx_AD11[NFND_251269423496_S01_GE2.v4_91]	Batch_02_01_12_06	NA	Removed due to subset	removed by subset
GSE63617_Biomat_45___BioAssayImplId=380371Name=15m_ctx_AD11[NFND_251269423534_S01_GE2.v4_91]	GSM1553837	AD11	Cortex	NA	15_months	15m_ctx_AD11_rep5	GSE63617.1	GSE63617_Biomat_45___BioAssayImplId=380371Name=15m_ctx_AD11[NFND_251269423534_S01_GE2.v4_91]	Batch_02_01_12_06	NA	Removed due to subset	removed by subset
GSE63617_Biomat_46___BioAssayImplId=380370Name=15m_ctx_VH[NFND_251269423491_S01_GE2.v4_91]	GSM1553838	WT	Cortex	NA	15_months	15m_ctx_VH_rep1	GSE63617.1	GSE63617_Biomat_46___BioAssayImplId=380370Name=15m_ctx_VH[NFND_251269423491_S01_GE2.v4_91]	Batch_02_01_12_06	NA	Removed due to subset	removed by subset
GSE63617_Biomat_47___BioAssayImplId=380369Name=15m_ctx_VH[NFND_251269423493_S01_GE2.v4_91]	GSM1553839	WT	Cortex	NA	15_months	15m_ctx_VH_rep2	GSE63617.1	GSE63617_Biomat_47___BioAssayImplId=380369Name=15m_ctx_VH[NFND_251269423493_S01_GE2.v4_91]	Batch_02_01_12_06	NA	Removed due to subset	removed by subset
GSE63617_Biomat_48___BioAssayImplId=380368Name=15m_ctx_VH[NFND_251269423495_S01_GE2.v4_91]	GSM1553840	WT	Cortex	NA	15_months	15m_ctx_VH_rep3	GSE63617.1	GSE63617_Biomat_48___BioAssayImplId=380368Name=15m_ctx_VH[NFND_251269423495_S01_GE2.v4_91]	Batch_02_01_12_06	NA	Removed due to subset	removed by subset
ModeledafterGSE63617_Biomat_49___BioAssayImplId=380367Name=15m_ctx_VH[NFND_251269423532_S01_GE2.v4_91]	GSM1553841	WT	Cortex	NA	15_months	15m_ctx_VH_rep4	GSE63617.1	ModeledafterGSE63617_Biomat_49___BioAssayImplId=380367Name=15m_ctx_VH[NFND_251269423532_S01_GE2.v4_91]	Batch_02_01_12_06	NA	Removed due to subset	removed by subset
GSE63617_Biomat_50___BioAssayImplId=380366Name=15m_ctx_VH[NFND_251269423535_S01_GE2.v4_91]	GSM1553842	WT	Cortex	NA	15_months	15m_ctx_VH_rep5	GSE63617.1	GSE63617_Biomat_50___BioAssayImplId=380366Name=15m_ctx_VH[NFND_251269423535_S01_GE2.v4_91]	Batch_02_01_12_06	NA	Removed due to subset	removed by subset
GSE63617_Biomat_1___BioAssayImplId=380415Name=3m_bfb_AD11[NFND_251269423810_S01_GE2.v4_91]	GSM1553764	AD11	Basal_forebrain	NA	3_months	3m_bfb_AD11_rep1	GSE63617.1	GSE63617_Biomat_1___BioAssayImplId=380415Name=3m_bfb_AD11[NFND_251269423810_S01_GE2.v4_91]	Batch_04_02_02_07	NA	Removed due to subset	removed by subset
ModeledafterGSE63617_Biomat_2___BioAssayImplId=380414Name=3m_bfb_AD11[NFND_251269423812_S01_GE2.v4_91]	GSM1553765	AD11	Basal_forebrain	NA	3_months	3m_bfb_AD11_rep2	GSE63617.1	ModeledafterGSE63617_Biomat_2___BioAssayImplId=380414Name=3m_bfb_AD11[NFND_251269423812_S01_GE2.v4_91]	Batch_04_02_02_07	NA	Removed due to subset	removed by subset
ModeledafterGSE63617_Biomat_3___BioAssayImplId=380413Name=3m_bfb_AD11[NFND_251269423814_S01_GE2.v4_91]	GSM1553766	AD11	Basal_forebrain	NA	3_months	3m_bfb_AD11_rep3	GSE63617.1	ModeledafterGSE63617_Biomat_3___BioAssayImplId=380413Name=3m_bfb_AD11[NFND_251269423814_S01_GE2.v4_91]	Batch_04_02_02_07	NA	Removed due to subset	removed by subset
ModeledafterGSE63617_Biomat_4___BioAssayImplId=380412Name=3m_bfb_AD11[NFND_251269423821_S01_GE2.v4_91]	GSM1553767	AD11	Basal_forebrain	NA	3_months	3m_bfb_AD11_rep4	GSE63617.1	ModeledafterGSE63617_Biomat_4___BioAssayImplId=380412Name=3m_bfb_AD11[NFND_251269423821_S01_GE2.v4_91]	Batch_04_02_02_07	NA	Removed due to subset	removed by subset
ModeledafterGSE63617_Biomat_5___BioAssayImplId=380411Name=3m_bfb_AD11[NFND_251269423823_S01_GE2.v4_91]	GSM1553768	AD11	Basal_forebrain	NA	3_months	3m_bfb_AD11_rep5	GSE63617.1	ModeledafterGSE63617_Biomat_5___BioAssayImplId=380411Name=3m_bfb_AD11[NFND_251269423823_S01_GE2.v4_91]	Batch_04_02_02_07	NA	Removed due to subset	removed by subset
ModeledafterGSE63617_Biomat_6___BioAssayImplId=380410Name=3m_bfb_VH[NFND_251269423811_S01_GE2.v4_91]	GSM1553769	WT	Basal_forebrain	NA	3_months	3m_bfb_VH_rep1	GSE63617.1	ModeledafterGSE63617_Biomat_6___BioAssayImplId=380410Name=3m_bfb_VH[NFND_251269423811_S01_GE2.v4_91]	Batch_04_02_02_07	NA	Removed due to subset	removed by subset
GSE63617_Biomat_7___BioAssayImplId=380409Name=3m_bfb_VH[NFND_251269423813_S01_GE2.v4_91]	GSM1553770	WT	Basal_forebrain	NA	3_months	3m_bfb_VH_rep2	GSE63617.1	GSE63617_Biomat_7___BioAssayImplId=380409Name=3m_bfb_VH[NFND_251269423813_S01_GE2.v4_91]	Batch_04_02_02_07	NA	Removed due to subset	removed by subset
ModeledafterGSE63617_Biomat_8___BioAssayImplId=380408Name=3m_bfb_VH[NFND_251269423820_S01_GE2.v4_91]	GSM1553771	WT	Basal_forebrain	NA	3_months	3m_bfb_VH_rep3	GSE63617.1	ModeledafterGSE63617_Biomat_8___BioAssayImplId=380408Name=3m_bfb_VH[NFND_251269423820_S01_GE2.v4_91]	Batch_04_02_02_07	NA	Removed due to subset	removed by subset
ModeledafterGSE63617_Biomat_9___BioAssayImplId=380407Name=3m_bfb_VH[NFND_251269423822_S01_GE2.v4_91]	GSM1553772	WT	Basal_forebrain	NA	3_months	3m_bfb_VH_rep4	GSE63617.1	ModeledafterGSE63617_Biomat_9___BioAssayImplId=380407Name=3m_bfb_VH[NFND_251269423822_S01_GE2.v4_91]	Batch_04_02_02_07	NA	Removed due to subset	removed by subset
GSE63617_Biomat_10___BioAssayImplId=380406Name=3m_bfb_VH[NFND_251269423824_S01_GE2.v4_91]	GSM1553773	WT	Basal_forebrain	NA	3_months	3m_bfb_VH_rep5	GSE63617.1	GSE63617_Biomat_10___BioAssayImplId=380406Name=3m_bfb_VH[NFND_251269423824_S01_GE2.v4_91]	Batch_04_02_02_07	NA	Removed due to subset	removed by subset
GSE63617_Biomat_11___BioAssayImplId=380405Name=3m_ctx_AD11[NFND_251269423531_S01_GE2.v4_91]	GSM1553774	AD11	Cortex	NA	3_months	3m_ctx_AD11_rep1	GSE63617.1	GSE63617_Biomat_11___BioAssayImplId=380405Name=3m_ctx_AD11[NFND_251269423531_S01_GE2.v4_91]	Batch_03_31_01_07	NA	Removed due to subset	removed by subset
GSE63617_Biomat_12___BioAssayImplId=380404Name=3m_ctx_AD11[NFND_251269423537_S01_GE2.v4_91]	GSM1553775	AD11	Cortex	NA	3_months	3m_ctx_AD11_rep2	GSE63617.1	GSE63617_Biomat_12___BioAssayImplId=380404Name=3m_ctx_AD11[NFND_251269423537_S01_GE2.v4_91]	Batch_03_31_01_07	NA	Removed due to subset	removed by subset
GSE63617_Biomat_13___BioAssayImplId=380403Name=3m_ctx_AD11[NFND_251269423539_S01_GE2.v4_91]	GSM1553776	AD11	Cortex	NA	3_months	3m_ctx_AD11_rep3	GSE63617.1	GSE63617_Biomat_13___BioAssayImplId=380403Name=3m_ctx_AD11[NFND_251269423539_S01_GE2.v4_91]	Batch_03_31_01_07	NA	Removed due to subset	removed by subset
GSE63617_Biomat_14___BioAssayImplId=380402Name=3m_ctx_AD11[NFND_251269423541_S01_GE2.v4_91]	GSM1553777	AD11	Cortex	NA	3_months	3m_ctx_AD11_rep4	GSE63617.1	GSE63617_Biomat_14___BioAssayImplId=380402Name=3m_ctx_AD11[NFND_251269423541_S01_GE2.v4_91]	Batch_03_31_01_07	NA	Removed due to subset	removed by subset
ModeledafterGSE63617_Biomat_15___BioAssayImplId=380401Name=3m_ctx_AD11[NFND_251269423544_S01_GE2.v4_91]	GSM1553778	AD11	Cortex	NA	3_months	3m_ctx_AD11_rep5	GSE63617.1	ModeledafterGSE63617_Biomat_15___BioAssayImplId=380401Name=3m_ctx_AD11[NFND_251269423544_S01_GE2.v4_91]	Batch_03_31_01_07	NA	Removed due to subset	removed by subset
GSE63617_Biomat_16___BioAssayImplId=380400Name=3m_ctx_VH[NFND_251269423536_S01_GE2.v4_91]	GSM1553779	WT	Cortex	NA	3_months	3m_ctx_VH_rep1	GSE63617.1	GSE63617_Biomat_16___BioAssayImplId=380400Name=3m_ctx_VH[NFND_251269423536_S01_GE2.v4_91]	Batch_03_31_01_07	NA	Removed due to subset	removed by subset
GSE63617_Biomat_17___BioAssayImplId=380399Name=3m_ctx_VH[NFND_251269423538_S01_GE2.v4_91]	GSM1553780	WT	Cortex	NA	3_months	3m_ctx_VH_rep2	GSE63617.1	GSE63617_Biomat_17___BioAssayImplId=380399Name=3m_ctx_VH[NFND_251269423538_S01_GE2.v4_91]	Batch_03_31_01_07	NA	Removed due to subset	removed by subset
GSE63617_Biomat_18___BioAssayImplId=380398Name=3m_ctx_VH[NFND_251269423540_S01_GE2.v4_91]	GSM1553781	WT	Cortex	NA	3_months	3m_ctx_VH_rep3	GSE63617.1	GSE63617_Biomat_18___BioAssayImplId=380398Name=3m_ctx_VH[NFND_251269423540_S01_GE2.v4_91]	Batch_03_31_01_07	NA	Removed due to subset	removed by subset
GSE63617_Biomat_19___BioAssayImplId=380397Name=3m_ctx_VH[NFND_251269423542_S01_GE2.v4_91]	GSM1553782	WT	Cortex	NA	3_months	3m_ctx_VH_rep4	GSE63617.1	GSE63617_Biomat_19___BioAssayImplId=380397Name=3m_ctx_VH[NFND_251269423542_S01_GE2.v4_91]	Batch_03_31_01_07	NA	Removed due to subset	removed by subset
ModeledafterGSE63617_Biomat_20___BioAssayImplId=380396Name=3m_ctx_VH[NFND_251269423545_S01_GE2.v4_91]	GSM1553783	WT	Cortex	NA	3_months	3m_ctx_VH_rep5	GSE63617.1	ModeledafterGSE63617_Biomat_20___BioAssayImplId=380396Name=3m_ctx_VH[NFND_251269423545_S01_GE2.v4_91]	Batch_03_31_01_07	NA	Removed due to subset	removed by subset
ModeledafterGSE63617_Biomat_48___BioAssayImplId=380319Name=6m_ctx_VH[NFND_251486811420_S01_GE2.v4_91_1_4]	GSM1553810	WT	Cortex	NA	6_months	6m_ctx_VH_rep3	GSE63617.2	ModeledafterGSE63617_Biomat_48___BioAssayImplId=380319Name=6m_ctx_VH[NFND_251486811420_S01_GE2.v4_91_1_4]	Batch_06_30_05_07	NA	sample correlation outlier	outlier
ModeledafterGSE63617_Biomat_25___BioAssayImplId=380341Name=1m_hp_AD11[NFND_251486812127_S01_GE2.v4_91_1_4]	GSM1553758	AD11	Hippocampus	NA	1_month	1m_hp_AD11_rep5	GSE63617.2	ModeledafterGSE63617_Biomat_25___BioAssayImplId=380341Name=1m_hp_AD11[NFND_251486812127_S01_GE2.v4_91_1_4]	Batch_08_11_07_07	NA	sample correlation outlier	outlier
GSE63617_Biomat_4___BioAssayImplId=380365Name=1m_bfb_AD11[NFND_251486812129_S01_GE2.v4_91_1_3]	GSM1553734	AD11	Basal_forebrain	NA	1_month	1m_bfb_AD11_rep1	GSE63617.2	GSE63617_Biomat_4___BioAssayImplId=380365Name=1m_bfb_AD11[NFND_251486812129_S01_GE2.v4_91_1_3]	Batch_09_19_07_07	NA	Removed due to subset	removed by subset
GSE63617_Biomat_2___BioAssayImplId=380364Name=1m_bfb_AD11[NFND_251486812129_S01_GE2.v4_91_1_4]	GSM1553735	AD11	Basal_forebrain	NA	1_month	1m_bfb_AD11_rep2	GSE63617.2	GSE63617_Biomat_2___BioAssayImplId=380364Name=1m_bfb_AD11[NFND_251486812129_S01_GE2.v4_91_1_4]	Batch_09_19_07_07	NA	Removed due to subset	removed by subset
GSE63617_Biomat_3___BioAssayImplId=380363Name=1m_bfb_AD11[NFND_251486812130_S01_GE2.v4_91_1_1]	GSM1553736	AD11	Basal_forebrain	NA	1_month	1m_bfb_AD11_rep3	GSE63617.2	GSE63617_Biomat_3___BioAssayImplId=380363Name=1m_bfb_AD11[NFND_251486812130_S01_GE2.v4_91_1_1]	Batch_09_19_07_07	NA	Removed due to subset	removed by subset
GSE63617_Biomat_33___BioAssayImplId=380362Name=1m_bfb_AD11[NFND_251486812130_S01_GE2.v4_91_1_2]	GSM1553737	AD11	Basal_forebrain	NA	1_month	1m_bfb_AD11_rep4	GSE63617.2	GSE63617_Biomat_33___BioAssayImplId=380362Name=1m_bfb_AD11[NFND_251486812130_S01_GE2.v4_91_1_2]	Batch_09_19_07_07	NA	Removed due to subset	removed by subset
GSE63617_Biomat_5___BioAssayImplId=380361Name=1m_bfb_AD11[NFND_251486812130_S01_GE2.v4_91_1_3]	GSM1553738	AD11	Basal_forebrain	NA	1_month	1m_bfb_AD11_rep5	GSE63617.2	GSE63617_Biomat_5___BioAssayImplId=380361Name=1m_bfb_AD11[NFND_251486812130_S01_GE2.v4_91_1_3]	Batch_09_19_07_07	NA	Removed due to subset	removed by subset
GSE63617_Biomat_6___BioAssayImplId=380360Name=1m_bfb_VH[NFND_251486811823_S01_GE2.v4_91_1_1]	GSM1553739	WT	Basal_forebrain	NA	1_month	1m_bfb_VH_rep1	GSE63617.2	GSE63617_Biomat_6___BioAssayImplId=380360Name=1m_bfb_VH[NFND_251486811823_S01_GE2.v4_91_1_1]	Batch_09_19_07_07	NA	Removed due to subset	removed by subset
ModeledafterGSE63617_Biomat_7___BioAssayImplId=380359Name=1m_bfb_VH[NFND_251486811823_S01_GE2.v4_91_1_2]	GSM1553740	WT	Basal_forebrain	NA	1_month	1m_bfb_VH_rep2	GSE63617.2	ModeledafterGSE63617_Biomat_7___BioAssayImplId=380359Name=1m_bfb_VH[NFND_251486811823_S01_GE2.v4_91_1_2]	Batch_09_19_07_07	NA	Removed due to subset	removed by subset
GSE63617_Biomat_8___BioAssayImplId=380358Name=1m_bfb_VH[NFND_251486811823_S01_GE2.v4_91_1_3]	GSM1553741	WT	Basal_forebrain	NA	1_month	1m_bfb_VH_rep3	GSE63617.2	GSE63617_Biomat_8___BioAssayImplId=380358Name=1m_bfb_VH[NFND_251486811823_S01_GE2.v4_91_1_3]	Batch_09_19_07_07	NA	Removed due to subset	removed by subset
GSE63617_Biomat_9___BioAssayImplId=380357Name=1m_bfb_VH[NFND_251486811823_S01_GE2.v4_91_1_4]	GSM1553742	WT	Basal_forebrain	NA	1_month	1m_bfb_VH_rep4	GSE63617.2	GSE63617_Biomat_9___BioAssayImplId=380357Name=1m_bfb_VH[NFND_251486811823_S01_GE2.v4_91_1_4]	Batch_09_19_07_07	NA	Removed due to subset	removed by subset
ModeledafterGSE63617_Biomat_10___BioAssayImplId=380356Name=1m_bfb_VH[NFND_251486812130_S01_GE2.v4_91_1_4]	GSM1553743	WT	Basal_forebrain	NA	1_month	1m_bfb_VH_rep5	GSE63617.2	ModeledafterGSE63617_Biomat_10___BioAssayImplId=380356Name=1m_bfb_VH[NFND_251486812130_S01_GE2.v4_91_1_4]	Batch_09_19_07_07	NA	Removed due to subset	removed by subset
ModeledafterGSE63617_Biomat_11___BioAssayImplId=380355Name=1m_ctx_AD11[NFND_251486811713_S01_GE2.v4_91_1_4]	GSM1553744	AD11	Cortex	NA	1_month	1m_ctx_AD11_rep1	GSE63617.2	ModeledafterGSE63617_Biomat_11___BioAssayImplId=380355Name=1m_ctx_AD11[NFND_251486811713_S01_GE2.v4_91_1_4]	Batch_07_04_07_07	NA	Removed due to subset	removed by subset
ModeledafterGSE63617_Biomat_12___BioAssayImplId=380354Name=1m_ctx_AD11[NFND_251486811716_S01_GE2.v4_91_1_3]	GSM1553745	AD11	Cortex	NA	1_month	1m_ctx_AD11_rep2	GSE63617.2	ModeledafterGSE63617_Biomat_12___BioAssayImplId=380354Name=1m_ctx_AD11[NFND_251486811716_S01_GE2.v4_91_1_3]	Batch_08_11_07_07	NA	Removed due to subset	removed by subset
ModeledafterGSE63617_Biomat_13___BioAssayImplId=380353Name=1m_ctx_AD11[NFND_251486811716_S01_GE2.v4_91_1_4]	GSM1553746	AD11	Cortex	NA	1_month	1m_ctx_AD11_rep3	GSE63617.2	ModeledafterGSE63617_Biomat_13___BioAssayImplId=380353Name=1m_ctx_AD11[NFND_251486811716_S01_GE2.v4_91_1_4]	Batch_08_11_07_07	NA	Removed due to subset	removed by subset
ModeledafterGSE63617_Biomat_14___BioAssayImplId=380352Name=1m_ctx_AD11[NFND_251486811718_S01_GE2.v4_91_1_1]	GSM1553747	AD11	Cortex	NA	1_month	1m_ctx_AD11_rep4	GSE63617.2	ModeledafterGSE63617_Biomat_14___BioAssayImplId=380352Name=1m_ctx_AD11[NFND_251486811718_S01_GE2.v4_91_1_1]	Batch_08_11_07_07	NA	Removed due to subset	removed by subset
GSE63617_Biomat_15___BioAssayImplId=380351Name=1m_ctx_AD11[NFND_251486811718_S01_GE2.v4_91_1_2]	GSM1553748	AD11	Cortex	NA	1_month	1m_ctx_AD11_rep5	GSE63617.2	GSE63617_Biomat_15___BioAssayImplId=380351Name=1m_ctx_AD11[NFND_251486811718_S01_GE2.v4_91_1_2]	Batch_08_11_07_07	NA	Removed due to subset	removed by subset
GSE63617_Biomat_49___BioAssayImplId=380350Name=1m_ctx_VH[NFND_251486811718_S01_GE2.v4_91_1_3]	GSM1553749	WT	Cortex	NA	1_month	1m_ctx_VH_rep1	GSE63617.2	GSE63617_Biomat_49___BioAssayImplId=380350Name=1m_ctx_VH[NFND_251486811718_S01_GE2.v4_91_1_3]	Batch_08_11_07_07	NA	Removed due to subset	removed by subset
ModeledafterGSE63617_Biomat_17___BioAssayImplId=380349Name=1m_ctx_VH[NFND_251486811718_S01_GE2.v4_91_1_4]	GSM1553750	WT	Cortex	NA	1_month	1m_ctx_VH_rep2	GSE63617.2	ModeledafterGSE63617_Biomat_17___BioAssayImplId=380349Name=1m_ctx_VH[NFND_251486811718_S01_GE2.v4_91_1_4]	Batch_08_11_07_07	NA	Removed due to subset	removed by subset
ModeledafterGSE63617_Biomat_18___BioAssayImplId=380348Name=1m_ctx_VH[NFND_251486812126_S01_GE2.v4_91_1_1]	GSM1553751	WT	Cortex	NA	1_month	1m_ctx_VH_rep3	GSE63617.2	ModeledafterGSE63617_Biomat_18___BioAssayImplId=380348Name=1m_ctx_VH[NFND_251486812126_S01_GE2.v4_91_1_1]	Batch_08_11_07_07	NA	Removed due to subset	removed by subset
ModeledafterGSE63617_Biomat_19___BioAssayImplId=380347Name=1m_ctx_VH[NFND_251486812126_S01_GE2.v4_91_1_2]	GSM1553752	WT	Cortex	NA	1_month	1m_ctx_VH_rep4	GSE63617.2	ModeledafterGSE63617_Biomat_19___BioAssayImplId=380347Name=1m_ctx_VH[NFND_251486812126_S01_GE2.v4_91_1_2]	Batch_08_11_07_07	NA	Removed due to subset	removed by subset
GSE63617_Biomat_20___BioAssayImplId=380346Name=1m_ctx_VH[NFND_251486812126_S01_GE2.v4_91_1_3]	GSM1553753	WT	Cortex	NA	1_month	1m_ctx_VH_rep5	GSE63617.2	GSE63617_Biomat_20___BioAssayImplId=380346Name=1m_ctx_VH[NFND_251486812126_S01_GE2.v4_91_1_3]	Batch_08_11_07_07	NA	Removed due to subset	removed by subset
GSE63617_Biomat_21___BioAssayImplId=380345Name=1m_hp_AD11[NFND_251486812126_S01_GE2.v4_91_1_4]	GSM1553754	AD11	Hippocampus	NA	1_month	1m_hp_AD11_rep1	GSE63617.2	GSE63617_Biomat_21___BioAssayImplId=380345Name=1m_hp_AD11[NFND_251486812126_S01_GE2.v4_91_1_4]	Batch_08_11_07_07	NA	Removed due to subset	removed by subset
GSE63617_Biomat_22___BioAssayImplId=380344Name=1m_hp_AD11[NFND_251486812127_S01_GE2.v4_91_1_1]	GSM1553755	AD11	Hippocampus	NA	1_month	1m_hp_AD11_rep2	GSE63617.2	GSE63617_Biomat_22___BioAssayImplId=380344Name=1m_hp_AD11[NFND_251486812127_S01_GE2.v4_91_1_1]	Batch_08_11_07_07	NA	Removed due to subset	removed by subset
GSE63617_Biomat_23___BioAssayImplId=380343Name=1m_hp_AD11[NFND_251486812127_S01_GE2.v4_91_1_2]	GSM1553756	AD11	Hippocampus	NA	1_month	1m_hp_AD11_rep3	GSE63617.2	GSE63617_Biomat_23___BioAssayImplId=380343Name=1m_hp_AD11[NFND_251486812127_S01_GE2.v4_91_1_2]	Batch_08_11_07_07	NA	Removed due to subset	removed by subset
ModeledafterGSE63617_Biomat_24___BioAssayImplId=380342Name=1m_hp_AD11[NFND_251486812127_S01_GE2.v4_91_1_3]	GSM1553757	AD11	Hippocampus	NA	1_month	1m_hp_AD11_rep4	GSE63617.2	ModeledafterGSE63617_Biomat_24___BioAssayImplId=380342Name=1m_hp_AD11[NFND_251486812127_S01_GE2.v4_91_1_3]	Batch_08_11_07_07	NA	Removed due to subset	removed by subset
ModeledafterGSE63617_Biomat_26___BioAssayImplId=380340Name=1m_hp_VH[NFND_251486812128_S01_GE2.v4_91_1_2]	GSM1553759	WT	Hippocampus	NA	1_month	1m_hp_VH_rep1	GSE63617.2	ModeledafterGSE63617_Biomat_26___BioAssayImplId=380340Name=1m_hp_VH[NFND_251486812128_S01_GE2.v4_91_1_2]	Batch_09_19_07_07	NA	Removed due to subset	removed by subset
ModeledafterGSE63617_Biomat_27___BioAssayImplId=380339Name=1m_hp_VH[NFND_251486812128_S01_GE2.v4_91_1_3]	GSM1553760	WT	Hippocampus	NA	1_month	1m_hp_VH_rep2	GSE63617.2	ModeledafterGSE63617_Biomat_27___BioAssayImplId=380339Name=1m_hp_VH[NFND_251486812128_S01_GE2.v4_91_1_3]	Batch_09_19_07_07	NA	Removed due to subset	removed by subset
ModeledafterGSE63617_Biomat_30___BioAssayImplId=380338Name=1m_hp_VH[NFND_251486812128_S01_GE2.v4_91_1_4]	GSM1553761	WT	Hippocampus	NA	1_month	1m_hp_VH_rep3	GSE63617.2	ModeledafterGSE63617_Biomat_30___BioAssayImplId=380338Name=1m_hp_VH[NFND_251486812128_S01_GE2.v4_91_1_4]	Batch_09_19_07_07	NA	Removed due to subset	removed by subset
GSE63617_Biomat_28___BioAssayImplId=380337Name=1m_hp_VH[NFND_251486812129_S01_GE2.v4_91_1_1]	GSM1553762	WT	Hippocampus	NA	1_month	1m_hp_VH_rep4	GSE63617.2	GSE63617_Biomat_28___BioAssayImplId=380337Name=1m_hp_VH[NFND_251486812129_S01_GE2.v4_91_1_1]	Batch_09_19_07_07	NA	Removed due to subset	removed by subset
GSE63617_Biomat_29___BioAssayImplId=380336Name=1m_hp_VH[NFND_251486812129_S01_GE2.v4_91_1_2]	GSM1553763	WT	Hippocampus	NA	1_month	1m_hp_VH_rep5	GSE63617.2	GSE63617_Biomat_29___BioAssayImplId=380336Name=1m_hp_VH[NFND_251486812129_S01_GE2.v4_91_1_2]	Batch_09_19_07_07	NA	Removed due to subset	removed by subset
GSE63617_Biomat_51___BioAssayImplId=380335Name=6m_bfb_AD11[NFND_251486811447_S01_GE2.v4_91_1_1]	GSM1553794	AD11	Basal_forebrain	NA	6_months	6m_bfb_AD11_rep1	GSE63617.2	GSE63617_Biomat_51___BioAssayImplId=380335Name=6m_bfb_AD11[NFND_251486811447_S01_GE2.v4_91_1_1]	Batch_07_04_07_07	NA	Removed due to subset	removed by subset
GSE63617_Biomat_52___BioAssayImplId=380334Name=6m_bfb_AD11[NFND_251486811447_S01_GE2.v4_91_1_2]	GSM1553795	AD11	Basal_forebrain	NA	6_months	6m_bfb_AD11_rep2	GSE63617.2	GSE63617_Biomat_52___BioAssayImplId=380334Name=6m_bfb_AD11[NFND_251486811447_S01_GE2.v4_91_1_2]	Batch_07_04_07_07	NA	Removed due to subset	removed by subset
GSE63617_Biomat_53___BioAssayImplId=380333Name=6m_bfb_AD11[NFND_251486811447_S01_GE2.v4_91_1_3]	GSM1553796	AD11	Basal_forebrain	NA	6_months	6m_bfb_AD11_rep3	GSE63617.2	GSE63617_Biomat_53___BioAssayImplId=380333Name=6m_bfb_AD11[NFND_251486811447_S01_GE2.v4_91_1_3]	Batch_07_04_07_07	NA	Removed due to subset	removed by subset
GSE63617_Biomat_35___BioAssayImplId=380332Name=6m_bfb_AD11[NFND_251486811447_S01_GE2.v4_91_1_4]	GSM1553797	AD11	Basal_forebrain	NA	6_months	6m_bfb_AD11_rep4	GSE63617.2	GSE63617_Biomat_35___BioAssayImplId=380332Name=6m_bfb_AD11[NFND_251486811447_S01_GE2.v4_91_1_4]	Batch_07_04_07_07	NA	Removed due to subset	removed by subset
GSE63617_Biomat_54___BioAssayImplId=380331Name=6m_bfb_AD11[NFND_251486811448_S01_GE2.v4_91_1_1]	GSM1553798	AD11	Basal_forebrain	NA	6_months	6m_bfb_AD11_rep5	GSE63617.2	GSE63617_Biomat_54___BioAssayImplId=380331Name=6m_bfb_AD11[NFND_251486811448_S01_GE2.v4_91_1_1]	Batch_07_04_07_07	NA	Removed due to subset	removed by subset
GSE63617_Biomat_55___BioAssayImplId=380330Name=6m_bfb_VH[NFND_251486811448_S01_GE2.v4_91_1_2]	GSM1553799	WT	Basal_forebrain	NA	6_months	6m_bfb_VH_rep1	GSE63617.2	GSE63617_Biomat_55___BioAssayImplId=380330Name=6m_bfb_VH[NFND_251486811448_S01_GE2.v4_91_1_2]	Batch_07_04_07_07	NA	Removed due to subset	removed by subset
GSE63617_Biomat_40___BioAssayImplId=380329Name=6m_bfb_VH[NFND_251486811448_S01_GE2.v4_91_1_3]	GSM1553800	WT	Basal_forebrain	NA	6_months	6m_bfb_VH_rep2	GSE63617.2	GSE63617_Biomat_40___BioAssayImplId=380329Name=6m_bfb_VH[NFND_251486811448_S01_GE2.v4_91_1_3]	Batch_07_04_07_07	NA	Removed due to subset	removed by subset
ModeledafterGSE63617_Biomat_39___BioAssayImplId=380328Name=6m_bfb_VH[NFND_251486811448_S01_GE2.v4_91_1_4]	GSM1553801	WT	Basal_forebrain	NA	6_months	6m_bfb_VH_rep3	GSE63617.2	ModeledafterGSE63617_Biomat_39___BioAssayImplId=380328Name=6m_bfb_VH[NFND_251486811448_S01_GE2.v4_91_1_4]	Batch_07_04_07_07	NA	Removed due to subset	removed by subset
ModeledafterGSE63617_Biomat_38___BioAssayImplId=380327Name=6m_bfb_VH[NFND_251486811716_S01_GE2.v4_91_1_2]	GSM1553802	WT	Basal_forebrain	NA	6_months	6m_bfb_VH_rep4	GSE63617.2	ModeledafterGSE63617_Biomat_38___BioAssayImplId=380327Name=6m_bfb_VH[NFND_251486811716_S01_GE2.v4_91_1_2]	Batch_08_11_07_07	NA	Removed due to subset	removed by subset
GSE63617_Biomat_56___BioAssayImplId=380326Name=6m_ctx_AD11[NFND_251486811419_S02_GE2.v4_91_1_1]	GSM1553803	AD11	Cortex	NA	6_months	6m_ctx_AD11_rep1	GSE63617.2	GSE63617_Biomat_56___BioAssayImplId=380326Name=6m_ctx_AD11[NFND_251486811419_S02_GE2.v4_91_1_1]	Batch_06_30_05_07	NA	Removed due to subset	removed by subset
ModeledafterGSE63617_Biomat_42___BioAssayImplId=380325Name=6m_ctx_AD11[NFND_251486811419_S02_GE2.v4_91_1_2]	GSM1553804	AD11	Cortex	NA	6_months	6m_ctx_AD11_rep2	GSE63617.2	ModeledafterGSE63617_Biomat_42___BioAssayImplId=380325Name=6m_ctx_AD11[NFND_251486811419_S02_GE2.v4_91_1_2]	Batch_06_30_05_07	NA	Removed due to subset	removed by subset
GSE63617_Biomat_43___BioAssayImplId=380324Name=6m_ctx_AD11[NFND_251486811419_S02_GE2.v4_91_1_3]	GSM1553805	AD11	Cortex	NA	6_months	6m_ctx_AD11_rep3	GSE63617.2	GSE63617_Biomat_43___BioAssayImplId=380324Name=6m_ctx_AD11[NFND_251486811419_S02_GE2.v4_91_1_3]	Batch_06_30_05_07	NA	Removed due to subset	removed by subset
ModeledafterGSE63617_Biomat_44___BioAssayImplId=380323Name=6m_ctx_AD11[NFND_251486811419_S02_GE2.v4_91_1_4]	GSM1553806	AD11	Cortex	NA	6_months	6m_ctx_AD11_rep4	GSE63617.2	ModeledafterGSE63617_Biomat_44___BioAssayImplId=380323Name=6m_ctx_AD11[NFND_251486811419_S02_GE2.v4_91_1_4]	Batch_06_30_05_07	NA	Removed due to subset	removed by subset
ModeledafterGSE63617_Biomat_41___BioAssayImplId=380322Name=6m_ctx_AD11[NFND_251486811420_S01_GE2.v4_91_1_1]	GSM1553807	AD11	Cortex	NA	6_months	6m_ctx_AD11_rep5	GSE63617.2	ModeledafterGSE63617_Biomat_41___BioAssayImplId=380322Name=6m_ctx_AD11[NFND_251486811420_S01_GE2.v4_91_1_1]	Batch_06_30_05_07	NA	Removed due to subset	removed by subset
ModeledafterGSE63617_Biomat_46___BioAssayImplId=380321Name=6m_ctx_VH[NFND_251486811420_S01_GE2.v4_91_1_2]	GSM1553808	WT	Cortex	NA	6_months	6m_ctx_VH_rep1	GSE63617.2	ModeledafterGSE63617_Biomat_46___BioAssayImplId=380321Name=6m_ctx_VH[NFND_251486811420_S01_GE2.v4_91_1_2]	Batch_06_30_05_07	NA	Removed due to subset	removed by subset
ModeledafterGSE63617_Biomat_47___BioAssayImplId=380320Name=6m_ctx_VH[NFND_251486811420_S01_GE2.v4_91_1_3]	GSM1553809	WT	Cortex	NA	6_months	6m_ctx_VH_rep2	GSE63617.2	ModeledafterGSE63617_Biomat_47___BioAssayImplId=380320Name=6m_ctx_VH[NFND_251486811420_S01_GE2.v4_91_1_3]	Batch_06_30_05_07	NA	Removed due to subset	removed by subset
GSE63617_Biomat_57___BioAssayImplId=380318Name=6m_ctx_VH[NFND_251486811444_S01_GE2.v4_91_1_1]	GSM1553811	WT	Cortex	NA	6_months	6m_ctx_VH_rep4	GSE63617.2	GSE63617_Biomat_57___BioAssayImplId=380318Name=6m_ctx_VH[NFND_251486811444_S01_GE2.v4_91_1_1]	Batch_06_30_05_07	NA	Removed due to subset	removed by subset
ModeledafterGSE63617_Biomat_50___BioAssayImplId=380317Name=6m_ctx_VH[NFND_251486811444_S01_GE2.v4_91_1_2]	GSM1553812	WT	Cortex	NA	6_months	6m_ctx_VH_rep5	GSE63617.2	ModeledafterGSE63617_Biomat_50___BioAssayImplId=380317Name=6m_ctx_VH[NFND_251486811444_S01_GE2.v4_91_1_2]	Batch_06_30_05_07	NA	Removed due to subset	removed by subset
GSE64398_Biomat_0___BioAssayImplId=99999Name=TPM_2m_Hipp_rep4	GSM1570447	het_TPM	Hippocampus	M	2_months	TPM_2m_Hipp_rep4	GSE64398.1	NA	Batch_03_2013-06-26	NA	TPM_2m_Hipp_rep4 is the only one belongs batch3	outlier
GSE64398_Biomat_0___BioAssayImplId=99999Name=TAU_18m_Hipp_rep1	GSM1570269	TAU	Hippocampus	M	18_months	TAU_18m_Hipp_rep1	GSE64398.1	NA	Batch_01_2012-02-25	NA	sample correlation outliers	outlier
GSE64398_Biomat_0___BioAssayImplId=99999Name=TAU_18m_Hipp_rep2	GSM1570366	TAU	Hippocampus	M	18_months	TAU_18m_Hipp_rep2	GSE64398.1	NA	Batch_01_2012-02-25	NA	sample correlation outliers	outlier
GSE64398_Biomat_0___BioAssayImplId=99999Name=TAU_2m_Hipp_rep1	GSM1570292	TAU	Hippocampus	M	2_months	TAU_2m_Hipp_rep1	GSE64398.1	NA	Batch_01_2012-02-25	NA	sample correlation outliers	outlier
GSE64398_Biomat_0___BioAssayImplId=99999Name=TAU_18m_Hipp_rep3	GSM1570379	TAU	Hippocampus	M	18_months	TAU_18m_Hipp_rep3	GSE64398.1	NA	Batch_01_2012-02-25	NA	remove due to after outlier removal, only 1 sample left of TAU genotype of 18_m old	outlier
