Study	Sample	Original_genotype	Disease_stage	Genotype	Timepoint	Gender	Dataset	Disease	Sample_simplified
GSE48622_2_months	GSE48622_2_months_APLP2KO_rep1	Aplp2_KO	Disease	AD	2_months	M	GSE48622	AD	GSE48622_APLP2KO_rep1
GSE48622_2_months	GSE48622_2_months_APLP2KO_rep2	Aplp2_KO	Disease	AD	2_months	M	GSE48622	AD	GSE48622_APLP2KO_rep2
GSE48622_2_months	GSE48622_2_months_APLP2KO_rep3	Aplp2_KO	Disease	AD	2_months	M	GSE48622	AD	GSE48622_APLP2KO_rep3
GSE48622_2_months	GSE48622_2_months_APLP2KO_rep4	Aplp2_KO	Disease	AD	2_months	M	GSE48622	AD	GSE48622_APLP2KO_rep4
GSE48622_2_months	GSE48622_2_months_APPKO_rep1	App_KO	Disease	AD	2_months	M	GSE48622	AD	GSE48622_APPKO_rep1
GSE48622_2_months	GSE48622_2_months_APPKO_rep2	App_KO	Disease	AD	2_months	M	GSE48622	AD	GSE48622_APPKO_rep2
GSE48622_2_months	GSE48622_2_months_APPKO_rep3	App_KO	Disease	AD	2_months	M	GSE48622	AD	GSE48622_APPKO_rep3
GSE48622_2_months	GSE48622_2_months_APPKO_rep4	App_KO	Disease	AD	2_months	M	GSE48622	AD	GSE48622_APPKO_rep4
GSE48622_2_months	GSE48622_2_months_N.dCKO_rep1	NdCKO	Disease	AD	2_months	M	GSE48622	AD	GSE48622_N.dCKO_rep1
GSE48622_2_months	GSE48622_2_months_N.dCKO_rep2	NdCKO	Disease	AD	2_months	M	GSE48622	AD	GSE48622_N.dCKO_rep2
GSE48622_2_months	GSE48622_2_months_N.dCKO_rep3	NdCKO	Disease	AD	2_months	M	GSE48622	AD	GSE48622_N.dCKO_rep3
GSE48622_2_months	GSE48622_2_months_N.dCKO_rep4	NdCKO	Disease	AD	2_months	M	GSE48622	AD	GSE48622_N.dCKO_rep4
GSE48622_2_months	GSE48622_2_months_WT_rep1	WT	WT	WT	2_months	M	GSE48622	AD	GSE48622_WT_rep1
GSE48622_2_months	GSE48622_2_months_WT_rep2	WT	WT	WT	2_months	M	GSE48622	AD	GSE48622_WT_rep2
GSE48622_2_months	GSE48622_2_months_WT_rep3	WT	WT	WT	2_months	M	GSE48622	AD	GSE48622_WT_rep3
GSE48622_2_months	GSE48622_2_months_WT_rep4	WT	WT	WT	2_months	M	GSE48622	AD	GSE48622_WT_rep4
GSE63617.1_3_months	GSE63617.1_3_months_3m_hp_AD11_rep1	AD11	Disease	AD11	3_months	F	GSE63617.1	AD	GSE63617_3m_hp_AD11_rep1
GSE63617.1_3_months	GSE63617.1_3_months_3m_hp_AD11_rep2	AD11	Disease	AD11	3_months	F	GSE63617.1	AD	GSE63617_3m_hp_AD11_rep2
GSE63617.1_3_months	GSE63617.1_3_months_3m_hp_AD11_rep3	AD11	Disease	AD11	3_months	F	GSE63617.1	AD	GSE63617_3m_hp_AD11_rep3
GSE63617.1_3_months	GSE63617.1_3_months_3m_hp_AD11_rep4	AD11	Disease	AD11	3_months	F	GSE63617.1	AD	GSE63617_3m_hp_AD11_rep4
GSE63617.1_3_months	GSE63617.1_3_months_3m_hp_AD11_rep5	AD11	Disease	AD11	3_months	F	GSE63617.1	AD	GSE63617_3m_hp_AD11_rep5
GSE63617.1_3_months	GSE63617.1_3_months_3m_hp_VH_rep1	WT	WT	WT	3_months	F	GSE63617.1	AD	GSE63617_3m_hp_VH_rep1
GSE63617.1_3_months	GSE63617.1_3_months_3m_hp_VH_rep2	WT	WT	WT	3_months	F	GSE63617.1	AD	GSE63617_3m_hp_VH_rep2
GSE63617.1_3_months	GSE63617.1_3_months_3m_hp_VH_rep3	WT	WT	WT	3_months	F	GSE63617.1	AD	GSE63617_3m_hp_VH_rep3
GSE63617.1_3_months	GSE63617.1_3_months_3m_hp_VH_rep4	WT	WT	WT	3_months	F	GSE63617.1	AD	GSE63617_3m_hp_VH_rep4
GSE63617.1_3_months	GSE63617.1_3_months_3m_hp_VH_rep5	WT	WT	WT	3_months	F	GSE63617.1	AD	GSE63617_3m_hp_VH_rep5
GSE36237_5_months	GSE36237_5_months_HippVeh_TG_1	Tg2576	Disease	Tg2576	5_months	F	GSE36237	AD	GSE36237_HippVeh_TG_1
GSE36237_5_months	GSE36237_5_months_HippVeh_TG_2	Tg2576	Disease	Tg2576	5_months	F	GSE36237	AD	GSE36237_HippVeh_TG_2
GSE36237_5_months	GSE36237_5_months_HippVeh_TG_3	Tg2576	Disease	Tg2576	5_months	F	GSE36237	AD	GSE36237_HippVeh_TG_3
GSE36237_5_months	GSE36237_5_months_HippVeh_TG_4	Tg2576	Disease	Tg2576	5_months	F	GSE36237	AD	GSE36237_HippVeh_TG_4
GSE36237_5_months	GSE36237_5_months_HippVeh_TG_5	Tg2576	Disease	Tg2576	5_months	F	GSE36237	AD	GSE36237_HippVeh_TG_5
GSE36237_5_months	GSE36237_5_months_HippVeh_TG_6	Tg2576	Disease	Tg2576	5_months	F	GSE36237	AD	GSE36237_HippVeh_TG_6
GSE36237_5_months	GSE36237_5_months_HippVeh_TG_7	Tg2576	Disease	Tg2576	5_months	F	GSE36237	AD	GSE36237_HippVeh_TG_7
GSE36237_5_months	GSE36237_5_months_HippVeh_TG_8	Tg2576	Disease	Tg2576	5_months	F	GSE36237	AD	GSE36237_HippVeh_TG_8
GSE36237_5_months	GSE36237_5_months_HippVeh_WT_1	WT	WT	WT	5_months	F	GSE36237	AD	GSE36237_HippVeh_WT_1
GSE36237_5_months	GSE36237_5_months_HippVeh_WT_2	WT	WT	WT	5_months	F	GSE36237	AD	GSE36237_HippVeh_WT_2
GSE36237_5_months	GSE36237_5_months_HippVeh_WT_3	WT	WT	WT	5_months	F	GSE36237	AD	GSE36237_HippVeh_WT_3
GSE36237_5_months	GSE36237_5_months_HippVeh_WT_4	WT	WT	WT	5_months	F	GSE36237	AD	GSE36237_HippVeh_WT_4
GSE36237_5_months	GSE36237_5_months_HippVeh_WT_5	WT	WT	WT	5_months	F	GSE36237	AD	GSE36237_HippVeh_WT_5
GSE36237_5_months	GSE36237_5_months_HippVeh_WT_6	WT	WT	WT	5_months	F	GSE36237	AD	GSE36237_HippVeh_WT_6
GSE36237_5_months	GSE36237_5_months_HippVeh_WT_7	WT	WT	WT	5_months	F	GSE36237	AD	GSE36237_HippVeh_WT_7
GSE36237_5_months	GSE36237_5_months_HippVeh_WT_8	WT	WT	WT	5_months	F	GSE36237	AD	GSE36237_HippVeh_WT_8
GSE64398.1_2_months	GSE64398.1_2_months_het_TASTPM_2m_Hipp_rep1	het_TASTPM	Disease	AD	2_months	M	GSE64398.1	AD	GSE64398_het_TASTPM_2m_Hipp_rep1
GSE64398.1_2_months	GSE64398.1_2_months_het_TASTPM_2m_Hipp_rep2	het_TASTPM	Disease	AD	2_months	M	GSE64398.1	AD	GSE64398_het_TASTPM_2m_Hipp_rep2
GSE64398.1_2_months	GSE64398.1_2_months_het_TASTPM_2m_Hipp_rep3	het_TASTPM	Disease	AD	2_months	M	GSE64398.1	AD	GSE64398_het_TASTPM_2m_Hipp_rep3
GSE64398.1_2_months	GSE64398.1_2_months_het_TASTPM_2m_Hipp_rep4	het_TASTPM	Disease	AD	2_months	M	GSE64398.1	AD	GSE64398_het_TASTPM_2m_Hipp_rep4
GSE64398.1_2_months	GSE64398.1_2_months_ho_TASTPM_2m_Hipp_rep1	ho_TASTPM	Disease	AD	2_months	M	GSE64398.1	AD	GSE64398_ho_TASTPM_2m_Hipp_rep1
GSE64398.1_2_months	GSE64398.1_2_months_ho_TASTPM_2m_Hipp_rep2	ho_TASTPM	Disease	AD	2_months	M	GSE64398.1	AD	GSE64398_ho_TASTPM_2m_Hipp_rep2
GSE64398.1_2_months	GSE64398.1_2_months_ho_TASTPM_2m_Hipp_rep3	ho_TASTPM	Disease	AD	2_months	M	GSE64398.1	AD	GSE64398_ho_TASTPM_2m_Hipp_rep3
GSE64398.1_2_months	GSE64398.1_2_months_ho_TASTPM_2m_Hipp_rep4	ho_TASTPM	Disease	AD	2_months	M	GSE64398.1	AD	GSE64398_ho_TASTPM_2m_Hipp_rep4
GSE64398.1_2_months	GSE64398.1_2_months_TAS10_2m_Hipp_rep1	TAS10	Disease	AD	2_months	M	GSE64398.1	AD	GSE64398_TAS10_2m_Hipp_rep1
GSE64398.1_2_months	GSE64398.1_2_months_TAS10_2m_Hipp_rep2	TAS10	Disease	AD	2_months	M	GSE64398.1	AD	GSE64398_TAS10_2m_Hipp_rep2
GSE64398.1_2_months	GSE64398.1_2_months_TAS10_2m_Hipp_rep3	TAS10	Disease	AD	2_months	M	GSE64398.1	AD	GSE64398_TAS10_2m_Hipp_rep3
GSE64398.1_2_months	GSE64398.1_2_months_TAS10_2m_Hipp_rep4	TAS10	Disease	AD	2_months	M	GSE64398.1	AD	GSE64398_TAS10_2m_Hipp_rep4
GSE64398.1_2_months	GSE64398.1_2_months_TAU_2m_Hipp_rep2	TAU	Disease	AD	2_months	M	GSE64398.1	AD	GSE64398_TAU_2m_Hipp_rep2
GSE64398.1_2_months	GSE64398.1_2_months_TAU_2m_Hipp_rep3	TAU	Disease	AD	2_months	M	GSE64398.1	AD	GSE64398_TAU_2m_Hipp_rep3
GSE64398.1_2_months	GSE64398.1_2_months_TAU_2m_Hipp_rep4	TAU	Disease	AD	2_months	M	GSE64398.1	AD	GSE64398_TAU_2m_Hipp_rep4
GSE64398.1_2_months	GSE64398.1_2_months_TPM_2m_Hipp_rep1	TPM	Disease	AD	2_months	M	GSE64398.1	AD	GSE64398_TPM_2m_Hipp_rep1
GSE64398.1_2_months	GSE64398.1_2_months_TPM_2m_Hipp_rep2	TPM	Disease	AD	2_months	M	GSE64398.1	AD	GSE64398_TPM_2m_Hipp_rep2
GSE64398.1_2_months	GSE64398.1_2_months_TPM_2m_Hipp_rep3	TPM	Disease	AD	2_months	M	GSE64398.1	AD	GSE64398_TPM_2m_Hipp_rep3
GSE64398.1_2_months	GSE64398.1_2_months_WT_2m_Hipp_rep1	WT	WT	WT	2_months	M	GSE64398.1	AD	GSE64398_WT_2m_Hipp_rep1
GSE64398.1_2_months	GSE64398.1_2_months_WT_2m_Hipp_rep10	WT	WT	WT	2_months	M	GSE64398.1	AD	GSE64398_WT_2m_Hipp_rep10
GSE64398.1_2_months	GSE64398.1_2_months_WT_2m_Hipp_rep11	WT	WT	WT	2_months	M	GSE64398.1	AD	GSE64398_WT_2m_Hipp_rep11
GSE64398.1_2_months	GSE64398.1_2_months_WT_2m_Hipp_rep12	WT	WT	WT	2_months	M	GSE64398.1	AD	GSE64398_WT_2m_Hipp_rep12
GSE64398.1_2_months	GSE64398.1_2_months_WT_2m_Hipp_rep2	WT	WT	WT	2_months	M	GSE64398.1	AD	GSE64398_WT_2m_Hipp_rep2
GSE64398.1_2_months	GSE64398.1_2_months_WT_2m_Hipp_rep3	WT	WT	WT	2_months	M	GSE64398.1	AD	GSE64398_WT_2m_Hipp_rep3
GSE64398.1_2_months	GSE64398.1_2_months_WT_2m_Hipp_rep4	WT	WT	WT	2_months	M	GSE64398.1	AD	GSE64398_WT_2m_Hipp_rep4
GSE64398.1_2_months	GSE64398.1_2_months_WT_2m_Hipp_rep5	WT	WT	WT	2_months	M	GSE64398.1	AD	GSE64398_WT_2m_Hipp_rep5
GSE64398.1_2_months	GSE64398.1_2_months_WT_2m_Hipp_rep6	WT	WT	WT	2_months	M	GSE64398.1	AD	GSE64398_WT_2m_Hipp_rep6
GSE64398.1_2_months	GSE64398.1_2_months_WT_2m_Hipp_rep7	WT	WT	WT	2_months	M	GSE64398.1	AD	GSE64398_WT_2m_Hipp_rep7
GSE64398.1_2_months	GSE64398.1_2_months_WT_2m_Hipp_rep8	WT	WT	WT	2_months	M	GSE64398.1	AD	GSE64398_WT_2m_Hipp_rep8
GSE64398.1_2_months	GSE64398.1_2_months_WT_2m_Hipp_rep9	WT	WT	WT	2_months	M	GSE64398.1	AD	GSE64398_WT_2m_Hipp_rep9
GSE64398.1_4_months	GSE64398.1_4_months_het_TASTPM_4m_Hipp_rep1	het_TASTPM	Disease	AD	4_months	M	GSE64398.1	AD	GSE64398_het_TASTPM_4m_Hipp_rep1
GSE64398.1_4_months	GSE64398.1_4_months_het_TASTPM_4m_Hipp_rep2	het_TASTPM	Disease	AD	4_months	M	GSE64398.1	AD	GSE64398_het_TASTPM_4m_Hipp_rep2
GSE64398.1_4_months	GSE64398.1_4_months_het_TASTPM_4m_Hipp_rep3	het_TASTPM	Disease	AD	4_months	M	GSE64398.1	AD	GSE64398_het_TASTPM_4m_Hipp_rep3
GSE64398.1_4_months	GSE64398.1_4_months_het_TASTPM_4m_Hipp_rep4	het_TASTPM	Disease	AD	4_months	M	GSE64398.1	AD	GSE64398_het_TASTPM_4m_Hipp_rep4
GSE64398.1_4_months	GSE64398.1_4_months_TAS10_4m_Hipp_rep1	TAS10	Disease	AD	4_months	M	GSE64398.1	AD	GSE64398_TAS10_4m_Hipp_rep1
GSE64398.1_4_months	GSE64398.1_4_months_TAS10_4m_Hipp_rep2	TAS10	Disease	AD	4_months	M	GSE64398.1	AD	GSE64398_TAS10_4m_Hipp_rep2
GSE64398.1_4_months	GSE64398.1_4_months_TAU_4m_Hipp_rep1	TAU	Disease	AD	4_months	M	GSE64398.1	AD	GSE64398_TAU_4m_Hipp_rep1
GSE64398.1_4_months	GSE64398.1_4_months_TAU_4m_Hipp_rep2	TAU	Disease	AD	4_months	M	GSE64398.1	AD	GSE64398_TAU_4m_Hipp_rep2
GSE64398.1_4_months	GSE64398.1_4_months_TAU_4m_Hipp_rep3	TAU	Disease	AD	4_months	M	GSE64398.1	AD	GSE64398_TAU_4m_Hipp_rep3
GSE64398.1_4_months	GSE64398.1_4_months_TAU_4m_Hipp_rep4	TAU	Disease	AD	4_months	M	GSE64398.1	AD	GSE64398_TAU_4m_Hipp_rep4
GSE64398.1_4_months	GSE64398.1_4_months_TPM_4m_Hipp_rep1	TPM	Disease	AD	4_months	M	GSE64398.1	AD	GSE64398_TPM_4m_Hipp_rep1
GSE64398.1_4_months	GSE64398.1_4_months_TPM_4m_Hipp_rep2	TPM	Disease	AD	4_months	M	GSE64398.1	AD	GSE64398_TPM_4m_Hipp_rep2
GSE64398.1_4_months	GSE64398.1_4_months_TPM_4m_Hipp_rep3	TPM	Disease	AD	4_months	M	GSE64398.1	AD	GSE64398_TPM_4m_Hipp_rep3
GSE64398.1_4_months	GSE64398.1_4_months_TPM_4m_Hipp_rep4	TPM	Disease	AD	4_months	M	GSE64398.1	AD	GSE64398_TPM_4m_Hipp_rep4
GSE64398.1_4_months	GSE64398.1_4_months_WT_4m_Hipp_rep1	WT	WT	WT	4_months	M	GSE64398.1	AD	GSE64398_WT_4m_Hipp_rep1
GSE64398.1_4_months	GSE64398.1_4_months_WT_4m_Hipp_rep2	WT	WT	WT	4_months	M	GSE64398.1	AD	GSE64398_WT_4m_Hipp_rep2
GSE64398.1_4_months	GSE64398.1_4_months_WT_4m_Hipp_rep3	WT	WT	WT	4_months	M	GSE64398.1	AD	GSE64398_WT_4m_Hipp_rep3
GSE64398.1_4_months	GSE64398.1_4_months_WT_4m_Hipp_rep4	WT	WT	WT	4_months	M	GSE64398.1	AD	GSE64398_WT_4m_Hipp_rep4
GSE64398.1_4_months	GSE64398.1_4_months_WT_4m_Hipp_rep5	WT	WT	WT	4_months	M	GSE64398.1	AD	GSE64398_WT_4m_Hipp_rep5
GSE64398.1_4_months	GSE64398.1_4_months_WT_4m_Hipp_rep6	WT	WT	WT	4_months	M	GSE64398.1	AD	GSE64398_WT_4m_Hipp_rep6
GSE64398.1_4_months	GSE64398.1_4_months_WT_4m_Hipp_rep7	WT	WT	WT	4_months	M	GSE64398.1	AD	GSE64398_WT_4m_Hipp_rep7
GSE64398.1_4_months	GSE64398.1_4_months_WT_4m_Hipp_rep8	WT	WT	WT	4_months	M	GSE64398.1	AD	GSE64398_WT_4m_Hipp_rep8
GSE64398.1_4_months	GSE64398.1_4_months_WT_4m_Hipp_rep9	WT	WT	WT	4_months	M	GSE64398.1	AD	GSE64398_WT_4m_Hipp_rep9
GSE64398.1_4_months	GSE64398.1_4_months_ho_TASTPM_4m_Hipp_rep1	ho_TASTPM	Disease	ho_TASTPM	4_months	M	GSE64398.1	AD	GSE64398_ho_TASTPM_4m_Hipp_rep1
GSE64398.1_4_months	GSE64398.1_4_months_ho_TASTPM_4m_Hipp_rep2	ho_TASTPM	Disease	ho_TASTPM	4_months	M	GSE64398.1	AD	GSE64398_ho_TASTPM_4m_Hipp_rep2
GSE64398.1_4_months	GSE64398.1_4_months_ho_TASTPM_4m_Hipp_rep3	ho_TASTPM	Disease	ho_TASTPM	4_months	M	GSE64398.1	AD	GSE64398_ho_TASTPM_4m_Hipp_rep3
GSE64398.1_4_months	GSE64398.1_4_months_ho_TASTPM_4m_Hipp_rep4	ho_TASTPM	Disease	ho_TASTPM	4_months	M	GSE64398.1	AD	GSE64398_ho_TASTPM_4m_Hipp_rep4
GSE64398.1_8_months	GSE64398.1_8_months_het_TASTPM_8m_Hipp_rep1	het_TASTPM	Disease	AD	8_months	M	GSE64398.1	AD	GSE64398_het_TASTPM_8m_Hipp_rep1
GSE64398.1_8_months	GSE64398.1_8_months_het_TASTPM_8m_Hipp_rep2	het_TASTPM	Disease	AD	8_months	M	GSE64398.1	AD	GSE64398_het_TASTPM_8m_Hipp_rep2
GSE64398.1_8_months	GSE64398.1_8_months_het_TASTPM_8m_Hipp_rep3	het_TASTPM	Disease	AD	8_months	M	GSE64398.1	AD	GSE64398_het_TASTPM_8m_Hipp_rep3
GSE64398.1_8_months	GSE64398.1_8_months_het_TASTPM_8m_Hipp_rep4	het_TASTPM	Disease	AD	8_months	M	GSE64398.1	AD	GSE64398_het_TASTPM_8m_Hipp_rep4
GSE64398.1_8_months	GSE64398.1_8_months_ho_TASTPM_8m_Hipp_rep1	ho_TASTPM	Disease	AD	8_months	M	GSE64398.1	AD	GSE64398_ho_TASTPM_8m_Hipp_rep1
GSE64398.1_8_months	GSE64398.1_8_months_ho_TASTPM_8m_Hipp_rep2	ho_TASTPM	Disease	AD	8_months	M	GSE64398.1	AD	GSE64398_ho_TASTPM_8m_Hipp_rep2
GSE64398.1_8_months	GSE64398.1_8_months_ho_TASTPM_8m_Hipp_rep3	ho_TASTPM	Disease	AD	8_months	M	GSE64398.1	AD	GSE64398_ho_TASTPM_8m_Hipp_rep3
GSE64398.1_8_months	GSE64398.1_8_months_ho_TASTPM_8m_Hipp_rep4	ho_TASTPM	Disease	AD	8_months	M	GSE64398.1	AD	GSE64398_ho_TASTPM_8m_Hipp_rep4
GSE64398.1_8_months	GSE64398.1_8_months_TAS10_8m_Hipp_rep1	TAS10	Disease	AD	8_months	M	GSE64398.1	AD	GSE64398_TAS10_8m_Hipp_rep1
GSE64398.1_8_months	GSE64398.1_8_months_TAS10_8m_Hipp_rep2	TAS10	Disease	AD	8_months	M	GSE64398.1	AD	GSE64398_TAS10_8m_Hipp_rep2
GSE64398.1_8_months	GSE64398.1_8_months_TAS10_8m_Hipp_rep3	TAS10	Disease	AD	8_months	M	GSE64398.1	AD	GSE64398_TAS10_8m_Hipp_rep3
GSE64398.1_8_months	GSE64398.1_8_months_TAU_8m_Hipp_rep1	TAU	Disease	AD	8_months	M	GSE64398.1	AD	GSE64398_TAU_8m_Hipp_rep1
GSE64398.1_8_months	GSE64398.1_8_months_TAU_8m_Hipp_rep2	TAU	Disease	AD	8_months	M	GSE64398.1	AD	GSE64398_TAU_8m_Hipp_rep2
GSE64398.1_8_months	GSE64398.1_8_months_TAU_8m_Hipp_rep3	TAU	Disease	AD	8_months	M	GSE64398.1	AD	GSE64398_TAU_8m_Hipp_rep3
GSE64398.1_8_months	GSE64398.1_8_months_TAU_8m_Hipp_rep4	TAU	Disease	AD	8_months	M	GSE64398.1	AD	GSE64398_TAU_8m_Hipp_rep4
GSE64398.1_8_months	GSE64398.1_8_months_TPM_8m_Hipp_rep1	TPM	Disease	AD	8_months	M	GSE64398.1	AD	GSE64398_TPM_8m_Hipp_rep1
GSE64398.1_8_months	GSE64398.1_8_months_TPM_8m_Hipp_rep2	TPM	Disease	AD	8_months	M	GSE64398.1	AD	GSE64398_TPM_8m_Hipp_rep2
GSE64398.1_8_months	GSE64398.1_8_months_TPM_8m_Hipp_rep3	TPM	Disease	AD	8_months	M	GSE64398.1	AD	GSE64398_TPM_8m_Hipp_rep3
GSE64398.1_8_months	GSE64398.1_8_months_TPM_8m_Hipp_rep4	TPM	Disease	AD	8_months	M	GSE64398.1	AD	GSE64398_TPM_8m_Hipp_rep4
GSE64398.1_8_months	GSE64398.1_8_months_WT_8m_Hipp_rep1	WT	WT	WT	8_months	M	GSE64398.1	AD	GSE64398_WT_8m_Hipp_rep1
GSE64398.1_8_months	GSE64398.1_8_months_WT_8m_Hipp_rep10	WT	WT	WT	8_months	M	GSE64398.1	AD	GSE64398_WT_8m_Hipp_rep10
GSE64398.1_8_months	GSE64398.1_8_months_WT_8m_Hipp_rep2	WT	WT	WT	8_months	M	GSE64398.1	AD	GSE64398_WT_8m_Hipp_rep2
GSE64398.1_8_months	GSE64398.1_8_months_WT_8m_Hipp_rep3	WT	WT	WT	8_months	M	GSE64398.1	AD	GSE64398_WT_8m_Hipp_rep3
GSE64398.1_8_months	GSE64398.1_8_months_WT_8m_Hipp_rep4	WT	WT	WT	8_months	M	GSE64398.1	AD	GSE64398_WT_8m_Hipp_rep4
GSE64398.1_8_months	GSE64398.1_8_months_WT_8m_Hipp_rep5	WT	WT	WT	8_months	M	GSE64398.1	AD	GSE64398_WT_8m_Hipp_rep5
GSE64398.1_8_months	GSE64398.1_8_months_WT_8m_Hipp_rep6	WT	WT	WT	8_months	M	GSE64398.1	AD	GSE64398_WT_8m_Hipp_rep6
GSE64398.1_8_months	GSE64398.1_8_months_WT_8m_Hipp_rep7	WT	WT	WT	8_months	M	GSE64398.1	AD	GSE64398_WT_8m_Hipp_rep7
GSE64398.1_8_months	GSE64398.1_8_months_WT_8m_Hipp_rep8	WT	WT	WT	8_months	M	GSE64398.1	AD	GSE64398_WT_8m_Hipp_rep8
GSE64398.1_8_months	GSE64398.1_8_months_WT_8m_Hipp_rep9	WT	WT	WT	8_months	M	GSE64398.1	AD	GSE64398_WT_8m_Hipp_rep9
GSE64398.1_18_months	GSE64398.1_18_months_het_TASTPM_18m_Hipp_rep1	het_TASTPM	Disease	AD	18_months	M	GSE64398.1	AD	GSE64398_het_TASTPM_18m_Hipp_rep1
GSE64398.1_18_months	GSE64398.1_18_months_het_TASTPM_18m_Hipp_rep2	het_TASTPM	Disease	AD	18_months	M	GSE64398.1	AD	GSE64398_het_TASTPM_18m_Hipp_rep2
GSE64398.1_18_months	GSE64398.1_18_months_het_TASTPM_18m_Hipp_rep3	het_TASTPM	Disease	AD	18_months	M	GSE64398.1	AD	GSE64398_het_TASTPM_18m_Hipp_rep3
GSE64398.1_18_months	GSE64398.1_18_months_het_TASTPM_18m_Hipp_rep4	het_TASTPM	Disease	AD	18_months	M	GSE64398.1	AD	GSE64398_het_TASTPM_18m_Hipp_rep4
GSE64398.1_18_months	GSE64398.1_18_months_ho_TASTPM_18m_Hipp_rep1	ho_TASTPM	Disease	AD	18_months	M	GSE64398.1	AD	GSE64398_ho_TASTPM_18m_Hipp_rep1
GSE64398.1_18_months	GSE64398.1_18_months_ho_TASTPM_18m_Hipp_rep2	ho_TASTPM	Disease	AD	18_months	M	GSE64398.1	AD	GSE64398_ho_TASTPM_18m_Hipp_rep2
GSE64398.1_18_months	GSE64398.1_18_months_ho_TASTPM_18m_Hipp_rep3	ho_TASTPM	Disease	AD	18_months	M	GSE64398.1	AD	GSE64398_ho_TASTPM_18m_Hipp_rep3
GSE64398.1_18_months	GSE64398.1_18_months_TAS10_18m_Hipp_rep1	TAS10	Disease	AD	18_months	M	GSE64398.1	AD	GSE64398_TAS10_18m_Hipp_rep1
GSE64398.1_18_months	GSE64398.1_18_months_TAS10_18m_Hipp_rep2	TAS10	Disease	AD	18_months	M	GSE64398.1	AD	GSE64398_TAS10_18m_Hipp_rep2
GSE64398.1_18_months	GSE64398.1_18_months_TAS10_18m_Hipp_rep3	TAS10	Disease	AD	18_months	M	GSE64398.1	AD	GSE64398_TAS10_18m_Hipp_rep3
GSE64398.1_18_months	GSE64398.1_18_months_TAS10_18m_Hipp_rep4	TAS10	Disease	AD	18_months	M	GSE64398.1	AD	GSE64398_TAS10_18m_Hipp_rep4
GSE64398.1_18_months	GSE64398.1_18_months_TPM_18m_Hipp_rep1	TPM	Disease	AD	18_months	M	GSE64398.1	AD	GSE64398_TPM_18m_Hipp_rep1
GSE64398.1_18_months	GSE64398.1_18_months_TPM_18m_Hipp_rep2	TPM	Disease	AD	18_months	M	GSE64398.1	AD	GSE64398_TPM_18m_Hipp_rep2
GSE64398.1_18_months	GSE64398.1_18_months_TPM_18m_Hipp_rep3	TPM	Disease	AD	18_months	M	GSE64398.1	AD	GSE64398_TPM_18m_Hipp_rep3
GSE64398.1_18_months	GSE64398.1_18_months_WT_18m_Hipp_rep1	WT	WT	WT	18_months	M	GSE64398.1	AD	GSE64398_WT_18m_Hipp_rep1
GSE64398.1_18_months	GSE64398.1_18_months_WT_18m_Hipp_rep2	WT	WT	WT	18_months	M	GSE64398.1	AD	GSE64398_WT_18m_Hipp_rep2
GSE64398.1_18_months	GSE64398.1_18_months_WT_18m_Hipp_rep3	WT	WT	WT	18_months	M	GSE64398.1	AD	GSE64398_WT_18m_Hipp_rep3
GSE64398.1_18_months	GSE64398.1_18_months_WT_18m_Hipp_rep4	WT	WT	WT	18_months	M	GSE64398.1	AD	GSE64398_WT_18m_Hipp_rep4
GSE64398.1_18_months	GSE64398.1_18_months_WT_18m_Hipp_rep5	WT	WT	WT	18_months	M	GSE64398.1	AD	GSE64398_WT_18m_Hipp_rep5
GSE64398.1_18_months	GSE64398.1_18_months_WT_18m_Hipp_rep6	WT	WT	WT	18_months	M	GSE64398.1	AD	GSE64398_WT_18m_Hipp_rep6
GSE64398.1_18_months	GSE64398.1_18_months_WT_18m_Hipp_rep7	WT	WT	WT	18_months	M	GSE64398.1	AD	GSE64398_WT_18m_Hipp_rep7
GSE52022_4_months	GSE52022_4_months_4mon_5XFAD_rep1	5xFAD	Disease	5xFAD	4_months	F	GSE52022	AD	GSE52022_4mon_5XFAD_rep1
GSE52022_4_months	GSE52022_4_months_4mon_5XFAD_rep2	5xFAD	Disease	5xFAD	4_months	F	GSE52022	AD	GSE52022_4mon_5XFAD_rep2
GSE52022_4_months	GSE52022_4_months_4mon_WT_rep1	WT	WT	WT	4_months	F	GSE52022	AD	GSE52022_4mon_WT_rep1
GSE52022_4_months	GSE52022_4_months_4mon_WT_rep2	WT	WT	WT	4_months	F	GSE52022	AD	GSE52022_4mon_WT_rep2
GSE63617.2_6_months	GSE63617.2_6_months_6m_hp_AD11_rep1	AD11	Disease	AD11	6_months	F	GSE63617.2	AD	GSE63617_6m_hp_AD11_rep1
GSE63617.2_6_months	GSE63617.2_6_months_6m_hp_AD11_rep2	AD11	Disease	AD11	6_months	F	GSE63617.2	AD	GSE63617_6m_hp_AD11_rep2
GSE63617.2_6_months	GSE63617.2_6_months_6m_hp_AD11_rep3	AD11	Disease	AD11	6_months	F	GSE63617.2	AD	GSE63617_6m_hp_AD11_rep3
GSE63617.2_6_months	GSE63617.2_6_months_6m_hp_AD11_rep4	AD11	Disease	AD11	6_months	F	GSE63617.2	AD	GSE63617_6m_hp_AD11_rep4
GSE63617.2_6_months	GSE63617.2_6_months_6m_hp_AD11_rep5	AD11	Disease	AD11	6_months	F	GSE63617.2	AD	GSE63617_6m_hp_AD11_rep5
GSE63617.2_6_months	GSE63617.2_6_months_6m_hp_VH_rep1	WT	WT	WT	6_months	F	GSE63617.2	AD	GSE63617_6m_hp_VH_rep1
GSE63617.2_6_months	GSE63617.2_6_months_6m_hp_VH_rep2	WT	WT	WT	6_months	F	GSE63617.2	AD	GSE63617_6m_hp_VH_rep2
GSE63617.2_6_months	GSE63617.2_6_months_6m_hp_VH_rep3	WT	WT	WT	6_months	F	GSE63617.2	AD	GSE63617_6m_hp_VH_rep3
GSE63617.2_6_months	GSE63617.2_6_months_6m_hp_VH_rep4	WT	WT	WT	6_months	F	GSE63617.2	AD	GSE63617_6m_hp_VH_rep4
GSE63617.2_6_months	GSE63617.2_6_months_6m_hp_VH_rep5	WT	WT	WT	6_months	F	GSE63617.2	AD	GSE63617_6m_hp_VH_rep5
GSE14499_7_months	GSE14499_7_months_Hippocampus,APP,GFP,rep1	J20	Disease	J20	7_months	F	GSE14499	AD	GSE14499_Hippocampus,APP,GFP,rep1
GSE14499_7_months	GSE14499_7_months_Hippocampus,APP,GFP,rep2	J20	Disease	J20	7_months	M	GSE14499	AD	GSE14499_Hippocampus,APP,GFP,rep2
GSE14499_7_months	GSE14499_7_months_Hippocampus,APP,GFP,rep3	J20	Disease	J20	7_months	F	GSE14499	AD	GSE14499_Hippocampus,APP,GFP,rep3
GSE14499_7_months	GSE14499_7_months_Hippocampus,APP,GFP,rep4	J20	Disease	J20	7_months	M	GSE14499	AD	GSE14499_Hippocampus,APP,GFP,rep4
GSE14499_7_months	GSE14499_7_months_Hippocampus,GFP,rep1	WT	WT	WT	7_months	F	GSE14499	AD	GSE14499_Hippocampus,GFP,rep1
GSE14499_7_months	GSE14499_7_months_Hippocampus,GFP,rep2	WT	WT	WT	7_months	F	GSE14499	AD	GSE14499_Hippocampus,GFP,rep2
GSE1556_12_months	GSE1556_12_months_12moAPPSw.1	Tg2576	Disease	Tg2576	12_months	F	GSE1556	AD	GSE1556_12moAPPSw.1
GSE1556_12_months	GSE1556_12_months_12moAPPSw.2	Tg2576	Disease	Tg2576	12_months	F	GSE1556	AD	GSE1556_12moAPPSw.2
GSE1556_12_months	GSE1556_12_months_12moControl.1	WT	WT	WT	12_months	F	GSE1556	AD	GSE1556_12moControl.1
GSE1556_12_months	GSE1556_12_months_12moControl.2	WT	WT	WT	12_months	F	GSE1556	AD	GSE1556_12moControl.2
GSE50521_14-15_months	GSE50521_14-15_months_5xFAD1	5xFAD	Disease	5xFAD	14-15_months	M	GSE50521	AD	GSE50521_5xFAD1
GSE50521_14-15_months	GSE50521_14-15_months_5xFAD2	5xFAD	Disease	5xFAD	14-15_months	F	GSE50521	AD	GSE50521_5xFAD2
GSE50521_14-15_months	GSE50521_14-15_months_5xFAD3	5xFAD	Disease	5xFAD	14-15_months	M	GSE50521	AD	GSE50521_5xFAD3
GSE50521_14-15_months	GSE50521_14-15_months_5xFAD;eIF2+_S51A1	5xFAD	Disease	5xFAD	14-15_months	F	GSE50521	AD	GSE50521_5xFAD;eIF2+_S51A1
GSE50521_14-15_months	GSE50521_14-15_months_5xFAD;eIF2+_S51A2	5xFAD	Disease	5xFAD	14-15_months	M	GSE50521	AD	GSE50521_5xFAD;eIF2+_S51A2
GSE50521_14-15_months	GSE50521_14-15_months_5xFAD;eIF2+_S51A3	5xFAD	Disease	5xFAD	14-15_months	M	GSE50521	AD	GSE50521_5xFAD;eIF2+_S51A3
GSE50521_14-15_months	GSE50521_14-15_months_eIF2+_S51A1	WT	WT	WT	14-15_months	F	GSE50521	AD	GSE50521_eIF2+_S51A1
GSE50521_14-15_months	GSE50521_14-15_months_eIF2+_S51A2	WT	WT	WT	14-15_months	M	GSE50521	AD	GSE50521_eIF2+_S51A2
GSE50521_14-15_months	GSE50521_14-15_months_eIF2+_S51A3	WT	WT	WT	14-15_months	M	GSE50521	AD	GSE50521_eIF2+_S51A3
GSE50521_14-15_months	GSE50521_14-15_months_WT1	WT	WT	WT	14-15_months	M	GSE50521	AD	GSE50521_WT1
GSE50521_14-15_months	GSE50521_14-15_months_WT2	WT	WT	WT	14-15_months	M	GSE50521	AD	GSE50521_WT2
GSE50521_14-15_months	GSE50521_14-15_months_WT3	WT	WT	WT	14-15_months	F	GSE50521	AD	GSE50521_WT3
GSE63617.2_15_months	GSE63617.2_15_months_15m_hp_AD11_rep1	AD11	Disease	AD11	15_months	F	GSE63617.2	AD	GSE63617_15m_hp_AD11_rep1
GSE63617.2_15_months	GSE63617.2_15_months_15m_hp_AD11_rep2	AD11	Disease	AD11	15_months	F	GSE63617.2	AD	GSE63617_15m_hp_AD11_rep2
GSE63617.2_15_months	GSE63617.2_15_months_15m_hp_AD11_rep3	AD11	Disease	AD11	15_months	F	GSE63617.2	AD	GSE63617_15m_hp_AD11_rep3
GSE63617.2_15_months	GSE63617.2_15_months_15m_hp_AD11_rep4	AD11	Disease	AD11	15_months	F	GSE63617.2	AD	GSE63617_15m_hp_AD11_rep4
GSE63617.2_15_months	GSE63617.2_15_months_15m_hp_AD11_rep5	AD11	Disease	AD11	15_months	F	GSE63617.2	AD	GSE63617_15m_hp_AD11_rep5
GSE63617.2_15_months	GSE63617.2_15_months_15m_hp_VH_rep1	WT	WT	WT	15_months	F	GSE63617.2	AD	GSE63617_15m_hp_VH_rep1
GSE63617.2_15_months	GSE63617.2_15_months_15m_hp_VH_rep2	WT	WT	WT	15_months	F	GSE63617.2	AD	GSE63617_15m_hp_VH_rep2
GSE63617.2_15_months	GSE63617.2_15_months_15m_hp_VH_rep3	WT	WT	WT	15_months	F	GSE63617.2	AD	GSE63617_15m_hp_VH_rep3
GSE63617.2_15_months	GSE63617.2_15_months_15m_hp_VH_rep4	WT	WT	WT	15_months	F	GSE63617.2	AD	GSE63617_15m_hp_VH_rep4
GSE63617.2_15_months	GSE63617.2_15_months_15m_hp_VH_rep5	WT	WT	WT	15_months	F	GSE63617.2	AD	GSE63617_15m_hp_VH_rep5
GSE15056_17_months	GSE15056_17_months_Tg2576_rep1	Tg2576	Disease	Tg2576	17_months	F	GSE15056	AD	GSE15056_Tg2576_rep1
GSE15056_17_months	GSE15056_17_months_Tg2576_rep2	Tg2576	Disease	Tg2576	17_months	F	GSE15056	AD	GSE15056_Tg2576_rep2
GSE15056_17_months	GSE15056_17_months_wt_rep1	WT	WT	WT	17_months	F	GSE15056	AD	GSE15056_wt_rep1
GSE15056_17_months	GSE15056_17_months_wt_rep2	WT	WT	WT	17_months	F	GSE15056	AD	GSE15056_wt_rep2
GSE53480_4_months	GSE53480_Tg4510_rep1	Tg4510	Disease	Tg4510	4_months	F	GSE53480	AD	GSE53480_Tg4510_rep1
GSE53480_4_months	GSE53480_Tg4510_rep2	Tg4510	Disease	Tg4510	4_months	M	GSE53480	AD	GSE53480_Tg4510_rep2
GSE53480_4_months	GSE53480_Tg4510_rep3	Tg4510	Disease	Tg4510	4_months	M	GSE53480	AD	GSE53480_Tg4510_rep3
GSE53480_4_months	GSE53480_Tg4510_rep4	Tg4510	Disease	Tg4510	4_months	F	GSE53480	AD	GSE53480_Tg4510_rep4
GSE53480_4_months	GSE53480_WT_rep1	WT	WT	WT	4_months	M	GSE53480	AD	GSE53480_WT_rep1
GSE53480_4_months	GSE53480_WT_rep2	WT	WT	WT	4_months	M	GSE53480	AD	GSE53480_WT_rep2
GSE53480_4_months	GSE53480_WT_rep3	WT	WT	WT	4_months	F	GSE53480	AD	GSE53480_WT_rep3
GSE53480_4_months	GSE53480_WT_rep4	WT	WT	WT	4_months	M	GSE53480	AD	GSE53480_WT_rep4
GSE9375_12_months	GSE9375_12_months_Hdh4Q80_7S	Hdh4_Q80	Disease	Hdh4_Q80	12_months	F	GSE9375	HD	GSE9375_Hdh4Q80_7S
GSE9375_12_months	GSE9375_12_months_Hdh4Q80_8S	Hdh4_Q80	Disease	Hdh4_Q80	12_months	F	GSE9375	HD	GSE9375_Hdh4Q80_8S
GSE9375_12_months	GSE9375_12_months_Hdh4Q80_9S	Hdh4_Q80	Disease	Hdh4_Q80	12_months	F	GSE9375	HD	GSE9375_Hdh4Q80_9S
GSE9375_12_months	GSE9375_12_months_WT_4S	WT	WT	WT	12_months	F	GSE9375	HD	GSE9375_WT_4S
GSE9375_12_months	GSE9375_12_months_WT_5S	WT	WT	WT	12_months	F	GSE9375	HD	GSE9375_WT_5S
GSE9375_12_months	GSE9375_12_months_WT_6S	WT	WT	WT	12_months	F	GSE9375	HD	GSE9375_WT_6S
GSE19676_12_months	GSE19676_12_months_WT_12m_rep1	WT	WT	WT	12_months	M	GSE19676	HD	GSE19676_WT_12m_rep1
GSE19676_12_months	GSE19676_12_months_WT_12m_rep2	WT	WT	WT	12_months	M	GSE19676	HD	GSE19676_WT_12m_rep2
GSE19676_12_months	GSE19676_12_months_WT_12m_rep3	WT	WT	WT	12_months	M	GSE19676	HD	GSE19676_WT_12m_rep3
GSE19676_12_months	GSE19676_12_months_WT_12m_rep4	WT	WT	WT	12_months	M	GSE19676	HD	GSE19676_WT_12m_rep4
GSE19676_12_months	GSE19676_12_months_YAC128_12m_rep1	YAC128	Disease	YAC128	12_months	M	GSE19676	HD	GSE19676_YAC128_12m_rep1
GSE19676_12_months	GSE19676_12_months_YAC128_12m_rep2	YAC128	Disease	YAC128	12_months	M	GSE19676	HD	GSE19676_YAC128_12m_rep2
GSE19676_12_months	GSE19676_12_months_YAC128_12m_rep3	YAC128	Disease	YAC128	12_months	M	GSE19676	HD	GSE19676_YAC128_12m_rep3
GSE19676_12_months	GSE19676_12_months_YAC128_12m_rep4	YAC128	Disease	YAC128	12_months	M	GSE19676	HD	GSE19676_YAC128_12m_rep4
GSE19676_12_months	GSE19676_12_months_YAC128_12m_rep5	YAC128	Disease	YAC128	12_months	F	GSE19676	HD	GSE19676_YAC128_12m_rep5
GSE64386_2_months	GSE64386_2_months_Str_TG_2m_GN50_1	BAC_HD	Disease	BAC_HD	2_months	F	GSE64386	HD	GSE64386_Str_TG_2m_GN50_1
GSE64386_2_months	GSE64386_2_months_Str_TG_2m_GN50_3	BAC_HD	Disease	BAC_HD	2_months	F	GSE64386	HD	GSE64386_Str_TG_2m_GN50_3
GSE64386_2_months	GSE64386_2_months_Str_TG_2m_GN51_1	BAC_HD	Disease	BAC_HD	2_months	M	GSE64386	HD	GSE64386_Str_TG_2m_GN51_1
GSE64386_2_months	GSE64386_2_months_Str_TG_2m_GN51_3	BAC_HD	Disease	BAC_HD	2_months	M	GSE64386	HD	GSE64386_Str_TG_2m_GN51_3
GSE64386_2_months	GSE64386_2_months_Str_WT_2m_GN50_2	WT	WT	WT	2_months	F	GSE64386	HD	GSE64386_Str_WT_2m_GN50_2
GSE64386_2_months	GSE64386_2_months_Str_WT_2m_GN50_4	WT	WT	WT	2_months	F	GSE64386	HD	GSE64386_Str_WT_2m_GN50_4
GSE64386_2_months	GSE64386_2_months_Str_WT_2m_GN51_5	WT	WT	WT	2_months	M	GSE64386	HD	GSE64386_Str_WT_2m_GN51_5
GSE64386_2_months	GSE64386_2_months_Str_WT_2m_GN80_2	WT	WT	WT	2_months	M	GSE64386	HD	GSE64386_Str_WT_2m_GN80_2
GSE50379_3_months	GSE50379_3_months_HdhQ111_rep1	HdhQ111	Disease	HdhQ111	3_months	M	GSE50379	HD	GSE50379_HdhQ111_rep1
GSE50379_3_months	GSE50379_3_months_HdhQ111_rep2	HdhQ111	Disease	HdhQ111	3_months	M	GSE50379	HD	GSE50379_HdhQ111_rep2
GSE50379_3_months	GSE50379_3_months_HdhQ111_rep3	HdhQ111	Disease	HdhQ111	3_months	M	GSE50379	HD	GSE50379_HdhQ111_rep3
GSE50379_3_months	GSE50379_3_months_WT_rep1	WT	WT	WT	3_months	M	GSE50379	HD	GSE50379_WT_rep1
GSE50379_3_months	GSE50379_3_months_WT_rep2	WT	WT	WT	3_months	M	GSE50379	HD	GSE50379_WT_rep2
GSE50379_3_months	GSE50379_3_months_WT_rep3	WT	WT	WT	3_months	M	GSE50379	HD	GSE50379_WT_rep3
GSE7958_3_months	GSE7958_3_months_Q92_3m_439	HdhQ92_Q92	Disease	HdhQ92_Q92	3_months	F	GSE7958	HD	GSE7958_Q92_3m_439
GSE7958_3_months	GSE7958_3_months_Q92_3m_440	HdhQ92_Q92	Disease	HdhQ92_Q92	3_months	F	GSE7958	HD	GSE7958_Q92_3m_440
GSE7958_3_months	GSE7958_3_months_Q92_3m_466	HdhQ92_Q92	Disease	HdhQ92_Q92	3_months	M	GSE7958	HD	GSE7958_Q92_3m_466
GSE7958_3_months	GSE7958_3_months_WT_3m_436	WT	WT	WT	3_months	M	GSE7958	HD	GSE7958_WT_3m_436
GSE7958_3_months	GSE7958_3_months_WT_3m_438	WT	WT	WT	3_months	F	GSE7958	HD	GSE7958_WT_3m_438
GSE7958_3_months	GSE7958_3_months_WT_3m_467	WT	WT	WT	3_months	M	GSE7958	HD	GSE7958_WT_3m_467
GSE9038_3-10_weeks	GSE9038_3-10_weeks_HdhQ111_striatum_rep1	HdhQ111	Disease	HdhQ111	3-10_weeks	F	GSE9038	HD	GSE9038_HdhQ111_striatum_rep1
GSE9038_3-10_weeks	GSE9038_3-10_weeks_HdhQ111_striatum_rep2	HdhQ111	Disease	HdhQ111	3-10_weeks	M	GSE9038	HD	GSE9038_HdhQ111_striatum_rep2
GSE9038_3-10_weeks	GSE9038_3-10_weeks_HdhQ111_striatum_rep3	HdhQ111	Disease	HdhQ111	3-10_weeks	M	GSE9038	HD	GSE9038_HdhQ111_striatum_rep3
GSE9038_3-10_weeks	GSE9038_3-10_weeks_HdhQ111_striatum_rep4	HdhQ111	Disease	HdhQ111	3-10_weeks	F	GSE9038	HD	GSE9038_HdhQ111_striatum_rep4
GSE9038_3-10_weeks	GSE9038_3-10_weeks_HdhQ111_striatum_rep5	HdhQ111	Disease	HdhQ111	3-10_weeks	M	GSE9038	HD	GSE9038_HdhQ111_striatum_rep5
GSE9038_3-10_weeks	GSE9038_3-10_weeks_HdhQ111_striatum_rep6	HdhQ111	Disease	HdhQ111	3-10_weeks	M	GSE9038	HD	GSE9038_HdhQ111_striatum_rep6
GSE9038_3-10_weeks	GSE9038_3-10_weeks_WT_striatum_rep1	WT	WT	WT	3-10_weeks	F	GSE9038	HD	GSE9038_WT_striatum_rep1
GSE9038_3-10_weeks	GSE9038_3-10_weeks_WT_striatum_rep2	WT	WT	WT	3-10_weeks	M	GSE9038	HD	GSE9038_WT_striatum_rep2
GSE9038_3-10_weeks	GSE9038_3-10_weeks_WT_striatum_rep3	WT	WT	WT	3-10_weeks	F	GSE9038	HD	GSE9038_WT_striatum_rep3
GSE9038_3-10_weeks	GSE9038_3-10_weeks_WT_striatum_rep4	WT	WT	WT	3-10_weeks	M	GSE9038	HD	GSE9038_WT_striatum_rep4
GSE9038_3-10_weeks	GSE9038_3-10_weeks_WT_striatum_rep5	WT	WT	WT	3-10_weeks	M	GSE9038	HD	GSE9038_WT_striatum_rep5
GSE9038_3-10_weeks	GSE9038_3-10_weeks_WT_striatum_rep6	WT	WT	WT	3-10_weeks	F	GSE9038	HD	GSE9038_WT_striatum_rep6
GSE64386_7_months	GSE64386_7_months_Str_TG_7m_GN1_2	BAC_HD	Disease	BAC_HD	7_months	M	GSE64386	HD	GSE64386_Str_TG_7m_GN1_2
GSE64386_7_months	GSE64386_7_months_Str_TG_7m_GN1_4	BAC_HD	Disease	BAC_HD	7_months	M	GSE64386	HD	GSE64386_Str_TG_7m_GN1_4
GSE64386_7_months	GSE64386_7_months_Str_TG_7m_GN2_1	BAC_HD	Disease	BAC_HD	7_months	F	GSE64386	HD	GSE64386_Str_TG_7m_GN2_1
GSE64386_7_months	GSE64386_7_months_Str_TG_7m_GN2_2	BAC_HD	Disease	BAC_HD	7_months	F	GSE64386	HD	GSE64386_Str_TG_7m_GN2_2
GSE64386_7_months	GSE64386_7_months_Str_WT_7m_GN1_1	WT	WT	WT	7_months	M	GSE64386	HD	GSE64386_Str_WT_7m_GN1_1
GSE64386_7_months	GSE64386_7_months_Str_WT_7m_GN1_3	WT	WT	WT	7_months	M	GSE64386	HD	GSE64386_Str_WT_7m_GN1_3
GSE64386_7_months	GSE64386_7_months_Str_WT_7m_GN2_3	WT	WT	WT	7_months	F	GSE64386	HD	GSE64386_Str_WT_7m_GN2_3
GSE64386_7_months	GSE64386_7_months_Str_WT_7m_HD12_1	WT	WT	WT	7_months	F	GSE64386	HD	GSE64386_Str_WT_7m_HD12_1
GSE62210_8_weeks	GSE62210_8_weeks_R62_rep1	R62	Disease	R62	8_weeks	M	GSE62210	HD	GSE62210_R62_rep1
GSE62210_8_weeks	GSE62210_8_weeks_R62_rep2	R62	Disease	R62	8_weeks	M	GSE62210	HD	GSE62210_R62_rep2
GSE62210_8_weeks	GSE62210_8_weeks_R62_rep3	R62	Disease	R62	8_weeks	M	GSE62210	HD	GSE62210_R62_rep3
GSE62210_8_weeks	GSE62210_8_weeks_WT_rep1	WT	WT	WT	8_weeks	M	GSE62210	HD	GSE62210_WT_rep1
GSE62210_8_weeks	GSE62210_8_weeks_WT_rep2	WT	WT	WT	8_weeks	M	GSE62210	HD	GSE62210_WT_rep2
GSE62210_8_weeks	GSE62210_8_weeks_WT_rep3	WT	WT	WT	8_weeks	M	GSE62210	HD	GSE62210_WT_rep3
GSE64386_11_months	GSE64386_11_months_Str_TG_11m_GN36_1	BAC_HD	Disease	BAC_HD	11_months	F	GSE64386	HD	GSE64386_Str_TG_11m_GN36_1
GSE64386_11_months	GSE64386_11_months_Str_TG_11m_GN37_3	BAC_HD	Disease	BAC_HD	11_months	M	GSE64386	HD	GSE64386_Str_TG_11m_GN37_3
GSE64386_11_months	GSE64386_11_months_Str_TG_11m_NTN2_1	BAC_HD	Disease	BAC_HD	11_months	M	GSE64386	HD	GSE64386_Str_TG_11m_NTN2_1
GSE64386_11_months	GSE64386_11_months_Str_TG_11m_NTN28_2	BAC_HD	Disease	BAC_HD	11_months	F	GSE64386	HD	GSE64386_Str_TG_11m_NTN28_2
GSE64386_11_months	GSE64386_11_months_Str_WT_11m_GN34_1	WT	WT	WT	11_months	M	GSE64386	HD	GSE64386_Str_WT_11m_GN34_1
GSE64386_11_months	GSE64386_11_months_Str_WT_11m_GN34_5	WT	WT	WT	11_months	M	GSE64386	HD	GSE64386_Str_WT_11m_GN34_5
GSE64386_11_months	GSE64386_11_months_Str_WT_11m_GN47_1	WT	WT	WT	11_months	F	GSE64386	HD	GSE64386_Str_WT_11m_GN47_1
GSE64386_11_months	GSE64386_11_months_Str_WT_11m_WT1	WT	WT	WT	11_months	F	GSE64386	HD	GSE64386_Str_WT_11m_WT1
GSE48104_10-12_weeks	GSE48104_10-12_weeks_R62_rep1	R62	Disease	R62	10-12_weeks	M	GSE48104	HD	GSE48104_R62_rep1
GSE48104_10-12_weeks	GSE48104_10-12_weeks_R62_rep2	R62	Disease	R62	10-12_weeks	F	GSE48104	HD	GSE48104_R62_rep2
GSE48104_10-12_weeks	GSE48104_10-12_weeks_R62_rep3	R62	Disease	R62	10-12_weeks	F	GSE48104	HD	GSE48104_R62_rep3
GSE48104_10-12_weeks	GSE48104_10-12_weeks_R62_rep4	R62	Disease	R62	10-12_weeks	F	GSE48104	HD	GSE48104_R62_rep4
GSE48104_10-12_weeks	GSE48104_10-12_weeks_WT_rep1	WT	WT	WT	10-12_weeks	F	GSE48104	HD	GSE48104_WT_rep1
GSE48104_10-12_weeks	GSE48104_10-12_weeks_WT_rep2	WT	WT	WT	10-12_weeks	F	GSE48104	HD	GSE48104_WT_rep2
GSE48104_10-12_weeks	GSE48104_10-12_weeks_WT_rep3	WT	WT	WT	10-12_weeks	F	GSE48104	HD	GSE48104_WT_rep3
GSE48104_10-12_weeks	GSE48104_10-12_weeks_WT_rep4	WT	WT	WT	10-12_weeks	F	GSE48104	HD	GSE48104_WT_rep4
GSE9804_12_weeks	GSE9804_12_weeks_R62_105	R62	Disease	R62	12_weeks	F	GSE9804	HD	GSE9804_R62_105
GSE9804_12_weeks	GSE9804_12_weeks_R62_107	R62	Disease	R62	12_weeks	F	GSE9804	HD	GSE9804_R62_107
GSE9804_12_weeks	GSE9804_12_weeks_R62_109	R62	Disease	R62	12_weeks	F	GSE9804	HD	GSE9804_R62_109
GSE9804_12_weeks	GSE9804_12_weeks_R62_86	R62	Disease	R62	12_weeks	F	GSE9804	HD	GSE9804_R62_86
GSE9804_12_weeks	GSE9804_12_weeks_R62_95	R62	Disease	R62	12_weeks	F	GSE9804	HD	GSE9804_R62_95
GSE9804_12_weeks	GSE9804_12_weeks_WT_46	WT	WT	WT	12_weeks	F	GSE9804	HD	GSE9804_WT_46
GSE9804_12_weeks	GSE9804_12_weeks_WT_47	WT	WT	WT	12_weeks	F	GSE9804	HD	GSE9804_WT_47
GSE9804_12_weeks	GSE9804_12_weeks_WT_49	WT	WT	WT	12_weeks	F	GSE9804	HD	GSE9804_WT_49
GSE9804_12_weeks	GSE9804_12_weeks_WT_66	WT	WT	WT	12_weeks	F	GSE9804	HD	GSE9804_WT_66
GSE9803_12_weeks	GSE9803_12_weeks_R62_64	R62	Disease	R62	12_weeks	F	GSE9803	HD	GSE9803_R62_64
GSE9803_12_weeks	GSE9803_12_weeks_R62_65	R62	Disease	R62	12_weeks	F	GSE9803	HD	GSE9803_R62_65
GSE9803_12_weeks	GSE9803_12_weeks_R62_70	R62	Disease	R62	12_weeks	F	GSE9803	HD	GSE9803_R62_70
GSE9803_12_weeks	GSE9803_12_weeks_R62_78	R62	Disease	R62	12_weeks	F	GSE9803	HD	GSE9803_R62_78
GSE9803_12_weeks	GSE9803_12_weeks_WT_42	WT	WT	WT	12_weeks	F	GSE9803	HD	GSE9803_WT_42
GSE9803_12_weeks	GSE9803_12_weeks_WT_45	WT	WT	WT	12_weeks	F	GSE9803	HD	GSE9803_WT_45
GSE9803_12_weeks	GSE9803_12_weeks_WT_48	WT	WT	WT	12_weeks	F	GSE9803	HD	GSE9803_WT_48
GSE9803_12_weeks	GSE9803_12_weeks_WT_54	WT	WT	WT	12_weeks	F	GSE9803	HD	GSE9803_WT_54
GSE9803_12_weeks	GSE9803_12_weeks_WT_63	WT	WT	WT	12_weeks	F	GSE9803	HD	GSE9803_WT_63
GSE25232_14_months	GSE25232_14_months_N171-98Q_rep1	N171_98Q	Disease	N171_98Q	14_months	F	GSE25232	HD	GSE25232_N171-98Q_rep1
GSE25232_14_months	GSE25232_14_months_N171-98Q_rep2	N171_98Q	Disease	N171_98Q	14_months	F	GSE25232	HD	GSE25232_N171-98Q_rep2
GSE25232_14_months	GSE25232_14_months_N171-98Q_rep3	N171_98Q	Disease	N171_98Q	14_months	F	GSE25232	HD	GSE25232_N171-98Q_rep3
GSE25232_14_months	GSE25232_14_months_N171-98Q_rep4	N171_98Q	Disease	N171_98Q	14_months	F	GSE25232	HD	GSE25232_N171-98Q_rep4
GSE25232_14_months	GSE25232_14_months_wt_rep1	WT	WT	WT	14_months	F	GSE25232	HD	GSE25232_wt_rep1
GSE25232_14_months	GSE25232_14_months_wt_rep2	WT	WT	WT	14_months	F	GSE25232	HD	GSE25232_wt_rep2
GSE25232_14_months	GSE25232_14_months_wt_rep3	WT	WT	WT	14_months	F	GSE25232	HD	GSE25232_wt_rep3
GSE7958_18_months	GSE7958_18_months_Q92_18m_11	HdhQ92_Q92	Disease	HdhQ92_Q92	18_months	M	GSE7958	HD	GSE7958_Q92_18m_11
GSE7958_18_months	GSE7958_18_months_Q92_18m_25	HdhQ92_Q92	Disease	HdhQ92_Q92	18_months	F	GSE7958	HD	GSE7958_Q92_18m_25
GSE7958_18_months	GSE7958_18_months_Q92_18m_66	HdhQ92_Q92	Disease	HdhQ92_Q92	18_months	F	GSE7958	HD	GSE7958_Q92_18m_66
GSE7958_18_months	GSE7958_18_months_WT_18m_12	WT	WT	WT	18_months	M	GSE7958	HD	GSE7958_WT_18m_12
GSE7958_18_months	GSE7958_18_months_WT_18m_17	WT	WT	WT	18_months	F	GSE7958	HD	GSE7958_WT_18m_17
GSE7958_18_months	GSE7958_18_months_WT_18m_9	WT	WT	WT	18_months	F	GSE7958	HD	GSE7958_WT_18m_9
GSE10202_22_months	GSE10202_22_months_CHL2_141	CHL2Q150_Q150	Disease	CHL2Q150_Q150	22_months	F	GSE10202	HD	GSE10202_CHL2_141
GSE10202_22_months	GSE10202_22_months_CHL2_153	CHL2Q150_Q150	Disease	CHL2Q150_Q150	22_months	F	GSE10202	HD	GSE10202_CHL2_153
GSE10202_22_months	GSE10202_22_months_CHL2_154	CHL2Q150_Q150	Disease	CHL2Q150_Q150	22_months	F	GSE10202	HD	GSE10202_CHL2_154
GSE10202_22_months	GSE10202_22_months_CHL2_191	CHL2Q150_Q150	Disease	CHL2Q150_Q150	22_months	M	GSE10202	HD	GSE10202_CHL2_191
GSE10202_22_months	GSE10202_22_months_WT_161	WT	WT	WT	22_months	F	GSE10202	HD	GSE10202_WT_161
GSE10202_22_months	GSE10202_22_months_WT_170	WT	WT	WT	22_months	M	GSE10202	HD	GSE10202_WT_170
GSE10202_22_months	GSE10202_22_months_WT_180	WT	WT	WT	22_months	M	GSE10202	HD	GSE10202_WT_180
GSE10202_22_months	GSE10202_22_months_WT_200	WT	WT	WT	22_months	M	GSE10202	HD	GSE10202_WT_200
GSE19676_24_months	GSE19676_24_months_WT_24m_rep1	WT	WT	WT	24_months	F	GSE19676	HD	GSE19676_WT_24m_rep1
GSE19676_24_months	GSE19676_24_months_WT_24m_rep2	WT	WT	WT	24_months	M	GSE19676	HD	GSE19676_WT_24m_rep2
GSE19676_24_months	GSE19676_24_months_WT_24m_rep3	WT	WT	WT	24_months	M	GSE19676	HD	GSE19676_WT_24m_rep3
GSE19676_24_months	GSE19676_24_months_YAC128_24m_rep1	YAC128	Disease	YAC128	24_months	F	GSE19676	HD	GSE19676_YAC128_24m_rep1
GSE19676_24_months	GSE19676_24_months_YAC128_24m_rep2	YAC128	Disease	YAC128	24_months	M	GSE19676	HD	GSE19676_YAC128_24m_rep2
GSE19676_24_months	GSE19676_24_months_YAC128_24m_rep3	YAC128	Disease	YAC128	24_months	M	GSE19676	HD	GSE19676_YAC128_24m_rep3
GSE19676_24_months	GSE19676_24_months_YAC128_24m_rep4	YAC128	Disease	YAC128	24_months	M	GSE19676	HD	GSE19676_YAC128_24m_rep4
GSE19676_24_months	GSE19676_24_months_YAC128_24m_rep5	YAC128	Disease	YAC128	24_months	M	GSE19676	HD	GSE19676_YAC128_24m_rep5
GSE26317_5_months	GSE26317_5_months_str.tg.cntr.1	R62_300Q	Disease	R62_300Q	5_months	F	GSE26317	HD	GSE26317_str.tg.cntr
GSE26317_5_months	GSE26317_5_months_str.tg.cntr.2	R62_300Q	Disease	R62_300Q	5_months	M	GSE26317	HD	GSE26317_str.tg.cntr
GSE26317_5_months	GSE26317_5_months_str.tg.cntr.3	R62_300Q	Disease	R62_300Q	5_months	M	GSE26317	HD	GSE26317_str.tg.cntr.3
GSE26317_5_months	GSE26317_5_months_str.tg.cntr.4	R62_300Q	Disease	R62_300Q	5_months	F	GSE26317	HD	GSE26317_str.tg.cntr.4
GSE26317_5_months	GSE26317_5_months_str.wt.cntr.1	WT	WT	WT	5_months	M	GSE26317	HD	GSE26317_str.wt.cntr
GSE26317_5_months	GSE26317_5_months_str.wt.cntr.2	WT	WT	WT	5_months	F	GSE26317	HD	GSE26317_str.wt.cntr
GSE26317_5_months	GSE26317_5_months_str.wt.cntr.3	WT	WT	WT	5_months	F	GSE26317	HD	GSE26317_str.wt.cntr.3
GSE26317_5_months	GSE26317_5_months_str.wt.cntr.4	WT	WT	WT	5_months	M	GSE26317	HD	GSE26317_str.wt.cntr.4
GSE52584.1_4_months	GSE52584.1_4_months_LRRK2_KO-A	LRRK2_KO	Disease	LRRK2_KO	4_months	F	GSE52584.1	PD	GSE52584_LRRK2_KO-A
GSE52584.1_4_months	GSE52584.1_4_months_LRRK2_KO-B	LRRK2_KO	Disease	LRRK2_KO	4_months	F	GSE52584.1	PD	GSE52584_LRRK2_KO-B
GSE52584.1_4_months	GSE52584.1_4_months_LRRK2_KO-C	LRRK2_KO	Disease	LRRK2_KO	4_months	F	GSE52584.1	PD	GSE52584_LRRK2_KO-C
GSE52584.1_4_months	GSE52584.1_4_months_LRRK2_KO-D	LRRK2_KO	Disease	LRRK2_KO	4_months	F	GSE52584.1	PD	GSE52584_LRRK2_KO-D
GSE52584.1_4_months	GSE52584.1_4_months_LRRK2_WT-1	WT	WT	WT	4_months	F	GSE52584.1	PD	GSE52584_LRRK2_WT-1
GSE52584.1_4_months	GSE52584.1_4_months_LRRK2_WT-2	WT	WT	WT	4_months	F	GSE52584.1	PD	GSE52584_LRRK2_WT-2
GSE52584.1_4_months	GSE52584.1_4_months_LRRK2_WT-3	WT	WT	WT	4_months	F	GSE52584.1	PD	GSE52584_LRRK2_WT-3
GSE52584.1_4_months	GSE52584.1_4_months_LRRK2_WT-4	WT	WT	WT	4_months	F	GSE52584.1	PD	GSE52584_LRRK2_WT-4
GSE52584.2_4_months	GSE52584.2_4_months_LRRK2_nonTg-1	WT	WT	WT	4_months	F	GSE52584.2	PD	GSE52584_LRRK2_nonTg-1
GSE52584.2_4_months	GSE52584.2_4_months_LRRK2_nonTg-2	WT	WT	WT	4_months	F	GSE52584.2	PD	GSE52584_LRRK2_nonTg-2
GSE52584.2_4_months	GSE52584.2_4_months_LRRK2_nonTg-3	WT	WT	WT	4_months	F	GSE52584.2	PD	GSE52584_LRRK2_nonTg-3
GSE52584.2_4_months	GSE52584.2_4_months_LRRK2_nonTg-4	WT	WT	WT	4_months	F	GSE52584.2	PD	GSE52584_LRRK2_nonTg-4
GSE52584.2_4_months	GSE52584.2_4_months_LRRK2_R1441G-1	hLRRK2_R1441G	Disease	hLRRK2_R1441G	4_months	F	GSE52584.2	PD	GSE52584_LRRK2_R1441G-1
GSE52584.2_4_months	GSE52584.2_4_months_LRRK2_R1441G-2	hLRRK2_R1441G	Disease	hLRRK2_R1441G	4_months	F	GSE52584.2	PD	GSE52584_LRRK2_R1441G-2
GSE52584.2_4_months	GSE52584.2_4_months_LRRK2_R1441G-3	hLRRK2_R1441G	Disease	hLRRK2_R1441G	4_months	F	GSE52584.2	PD	GSE52584_LRRK2_R1441G-3
GSE52584.2_4_months	GSE52584.2_4_months_LRRK2_R1441G-4	hLRRK2_R1441G	Disease	hLRRK2_R1441G	4_months	F	GSE52584.2	PD	GSE52584_LRRK2_R1441G-4
GSE60413_6_weeks	GSE60413_6_weeks_s_Pink1_KO_SNCA_A53T_6w_rep1	PINK1_KO_SNCA_A53T	Disease	PINK1_KO_SNCA_A53T	6_weeks	M	GSE60413	PD	GSE60413_s_Pink1_KO_SNCA_A53T_6w_rep1
GSE60413_6_weeks	GSE60413_6_weeks_s_Pink1_KO_SNCA_A53T_6w_rep2	PINK1_KO_SNCA_A53T	Disease	PINK1_KO_SNCA_A53T	6_weeks	M	GSE60413	PD	GSE60413_s_Pink1_KO_SNCA_A53T_6w_rep2
GSE60413_6_weeks	GSE60413_6_weeks_s_Pink1_KO_SNCA_A53T_6w_rep3	PINK1_KO_SNCA_A53T	Disease	PINK1_KO_SNCA_A53T	6_weeks	F	GSE60413	PD	GSE60413_s_Pink1_KO_SNCA_A53T_6w_rep3
GSE60413_6_weeks	GSE60413_6_weeks_s_WT_6w_rep1	WT	WT	WT	6_weeks	F	GSE60413	PD	GSE60413_s_WT_6w_rep1
GSE60413_6_weeks	GSE60413_6_weeks_s_WT_6w_rep2	WT	WT	WT	6_weeks	M	GSE60413	PD	GSE60413_s_WT_6w_rep2
GSE60413_6_weeks	GSE60413_6_weeks_s_WT_6w_rep3	WT	WT	WT	6_weeks	M	GSE60413	PD	GSE60413_s_WT_6w_rep3
GSE60414_6_weeks	GSE60414_6_weeks_c_Pink1_KO_SNCA_A53T_6w_rep1	PINK1_KO_SNCA_A53T	Disease	PINK1_KO_SNCA_A53T	6_weeks	F	GSE60414	PD	GSE60414_c_Pink1_KO_SNCA_A53T_6w_rep1
GSE60414_6_weeks	GSE60414_6_weeks_c_Pink1_KO_SNCA_A53T_6w_rep2	PINK1_KO_SNCA_A53T	Disease	PINK1_KO_SNCA_A53T	6_weeks	M	GSE60414	PD	GSE60414_c_Pink1_KO_SNCA_A53T_6w_rep2
GSE60414_6_weeks	GSE60414_6_weeks_c_Pink1_KO_SNCA_A53T_6w_rep3	PINK1_KO_SNCA_A53T	Disease	PINK1_KO_SNCA_A53T	6_weeks	M	GSE60414	PD	GSE60414_c_Pink1_KO_SNCA_A53T_6w_rep3
GSE60414_6_weeks	GSE60414_6_weeks_c_WT_6w_rep1	WT	WT	WT	6_weeks	F	GSE60414	PD	GSE60414_c_WT_6w_rep1
GSE60414_6_weeks	GSE60414_6_weeks_c__WT_6w_rep2	WT	WT	WT	6_weeks	M	GSE60414	PD	GSE60414_c__WT_6w_rep2
GSE60414_6_weeks	GSE60414_6_weeks_c_WT_6w_rep3	WT	WT	WT	6_weeks	M	GSE60414	PD	GSE60414_c_WT_6w_rep3
GSE60414_6_weeks	GSE60414_6_weeks_m_Pink1_KO_SNCA_A53T_6w_rep1	PINK1_KO_SNCA_A53T	Disease	PINK1_KO_SNCA_A53T	6_weeks	F	GSE60414	PD	GSE60414_m_Pink1_KO_SNCA_A53T_6w_rep1
GSE60414_6_weeks	GSE60414_6_weeks_m_Pink1_KO_SNCA_A53T_6w_rep2	PINK1_KO_SNCA_A53T	Disease	PINK1_KO_SNCA_A53T	6_weeks	M	GSE60414	PD	GSE60414_m_Pink1_KO_SNCA_A53T_6w_rep2
GSE60414_6_weeks	GSE60414_6_weeks_m_Pink1_KO_SNCA_A53T_6w_rep3	PINK1_KO_SNCA_A53T	Disease	PINK1_KO_SNCA_A53T	6_weeks	M	GSE60414	PD	GSE60414_m_Pink1_KO_SNCA_A53T_6w_rep3
GSE60414_6_weeks	GSE60414_6_weeks_m_WT_6w_rep1	WT	WT	WT	6_weeks	F	GSE60414	PD	GSE60414_m_WT_6w_rep1
GSE60414_6_weeks	GSE60414_6_weeks_m_WT_6w_rep2	WT	WT	WT	6_weeks	M	GSE60414	PD	GSE60414_m_WT_6w_rep2
GSE60414_6_weeks	GSE60414_6_weeks_m_WT_6w_rep3	WT	WT	WT	6_weeks	M	GSE60414	PD	GSE60414_m_WT_6w_rep3
GSE60414_6_weeks	GSE60414_6_weeks_s_Pink1_KO_SNCA_A53T_6w_rep1	PINK1_KO_SNCA_A53T	Disease	PINK1_KO_SNCA_A53T	6_weeks	F	GSE60414	PD	GSE60414_s_Pink1_KO_SNCA_A53T_6w_rep1
GSE60414_6_weeks	GSE60414_6_weeks_s_Pink1_KO_SNCA_A53T_6w_rep2	PINK1_KO_SNCA_A53T	Disease	PINK1_KO_SNCA_A53T	6_weeks	M	GSE60414	PD	GSE60414_s_Pink1_KO_SNCA_A53T_6w_rep2
GSE60414_6_weeks	GSE60414_6_weeks_s_Pink1_KO_SNCA_A53T_6w_rep3	PINK1_KO_SNCA_A53T	Disease	PINK1_KO_SNCA_A53T	6_weeks	M	GSE60414	PD	GSE60414_s_Pink1_KO_SNCA_A53T_6w_rep3
GSE60414_6_weeks	GSE60414_6_weeks_s_WT_6w_rep1	WT	WT	WT	6_weeks	F	GSE60414	PD	GSE60414_s_WT_6w_rep1
GSE60414_6_weeks	GSE60414_6_weeks_s_WT_6w_rep2	WT	WT	WT	6_weeks	M	GSE60414	PD	GSE60414_s_WT_6w_rep2
GSE60414_6_weeks	GSE60414_6_weeks_s__WT_6w_rep3	WT	WT	WT	6_weeks	M	GSE60414	PD	GSE60414_s__WT_6w_rep3
GSE20547.1_6_months	GSE20547.1_6_months_TgA_striatum_6m_F_rep1	SNCA_A53T	Disease	SNCA_A53T	6_months	F	GSE20547.1	PD	GSE20547_TgA_striatum_6m_F_rep1
GSE20547.1_6_months	GSE20547.1_6_months_TgA_striatum_6m_M_rep2	SNCA_A53T	Disease	SNCA_A53T	6_months	M	GSE20547.1	PD	GSE20547_TgA_striatum_6m_M_rep2
GSE20547.1_6_months	GSE20547.1_6_months_wt_striatum_6m_F	WT	WT	WT	6_months	F	GSE20547.1	PD	GSE20547_wt_striatum_6m_F
GSE20547.1_6_months	GSE20547.1_6_months_wt_striatum_6m_M	WT	WT	WT	6_months	M	GSE20547.1	PD	GSE20547_wt_striatum_6m_M
GSE20547.2_20-28_months	GSE20547.2_20-28_months_TgA_striatum_26m_M	SNCA_A53T	Disease	SNCA_A53T	20-28_months	M	GSE20547.2	PD	GSE20547_TgA_striatum_26m_M
GSE20547.2_20-28_months	GSE20547.2_20-28_months_TgA_striatum_28m_F	SNCA_A53T	Disease	SNCA_A53T	20-28_months	F	GSE20547.2	PD	GSE20547_TgA_striatum_28m_F
GSE20547.2_20-28_months	GSE20547.2_20-28_months_TgB_striatum_20m_mix	SNCA_A53T	Disease	SNCA_A53T	20-28_months	mixed	GSE20547.2	PD	GSE20547_TgB_striatum_20m_mix
GSE20547.2_20-28_months	GSE20547.2_20-28_months_TgB_striatum_22m_F	SNCA_A53T	Disease	SNCA_A53T	20-28_months	F	GSE20547.2	PD	GSE20547_TgB_striatum_22m_F
GSE20547.2_20-28_months	GSE20547.2_20-28_months_wt_striatum_20m_mix	WT	WT	WT	20-28_months	mixed	GSE20547.2	PD	GSE20547_wt_striatum_20m_mix
GSE20547.2_20-28_months	GSE20547.2_20-28_months_wt_striatum_22m_F	WT	WT	WT	20-28_months	F	GSE20547.2	PD	GSE20547_wt_striatum_22m_F
GSE20547.2_20-28_months	GSE20547.2_20-28_months_wt_striatum_26m_M	WT	WT	WT	20-28_months	M	GSE20547.2	PD	GSE20547_wt_striatum_26m_M
GSE20547.2_20-28_months	GSE20547.2_20-28_months_wt_striatum_28m_F	WT	WT	WT	20-28_months	F	GSE20547.2	PD	GSE20547_wt_striatum_28m_F
GSE31458.1_2-3_months	GSE31458.1_2-3_months_CPU_FVBN_ctrl1	WT	WT	WT	2-3_months	M	GSE31458.1	PD	GSE31458_CPU_FVBN_ctrl1
GSE31458.1_2-3_months	GSE31458.1_2-3_months_CPU_FVBN_ctrl2	WT	WT	WT	2-3_months	M	GSE31458.1	PD	GSE31458_CPU_FVBN_ctrl2
GSE31458.1_2-3_months	GSE31458.1_2-3_months_CPU_FVBN_MPTP1	MPTP	Disease	MPTP	2-3_months	M	GSE31458.1	PD	GSE31458_CPU_FVBN_MPTP1
GSE31458.1_2-3_months	GSE31458.1_2-3_months_CPU_FVBN_MPTP2	MPTP	Disease	MPTP	2-3_months	M	GSE31458.1	PD	GSE31458_CPU_FVBN_MPTP2
GSE60413_12_weeks	GSE60413_12_weeks_s_Pink1_KO_SNCA_A53T_12w_rep1	PINK1_KO_SNCA_A53T	Disease	PINK1_KO_SNCA_A53T	12_weeks	M	GSE60413	PD	GSE60413_s_Pink1_KO_SNCA_A53T_12w_rep1
GSE60413_12_weeks	GSE60413_12_weeks_s_Pink1_KO_SNCA_A53T_12w_rep2	PINK1_KO_SNCA_A53T	Disease	PINK1_KO_SNCA_A53T	12_weeks	M	GSE60413	PD	GSE60413_s_Pink1_KO_SNCA_A53T_12w_rep2
GSE60413_12_weeks	GSE60413_12_weeks_s_Pink1_KO_SNCA_A53T_12w_rep3	PINK1_KO_SNCA_A53T	Disease	PINK1_KO_SNCA_A53T	12_weeks	M	GSE60413	PD	GSE60413_s_Pink1_KO_SNCA_A53T_12w_rep3
GSE60413_12_weeks	GSE60413_12_weeks_s_WT_12w_rep1	WT	WT	WT	12_weeks	M	GSE60413	PD	GSE60413_s_WT_12w_rep1
GSE60413_12_weeks	GSE60413_12_weeks_s_WT_12w_rep2	WT	WT	WT	12_weeks	M	GSE60413	PD	GSE60413_s_WT_12w_rep2
GSE60413_12_weeks	GSE60413_12_weeks_s_WT_12w_rep3	WT	WT	WT	12_weeks	M	GSE60413	PD	GSE60413_s_WT_12w_rep3
GSE60413_24_weeks	GSE60413_24_weeks_s_Pink1_KO_SNCA_A53T_24w_rep1	PINK1_KO_SNCA_A53T	Disease	PINK1_KO_SNCA_A53T	24_weeks	M	GSE60413	PD	GSE60413_s_Pink1_KO_SNCA_A53T_24w_rep1
GSE60413_24_weeks	GSE60413_24_weeks_s_Pink1_KO_SNCA_A53T_24w_rep2	PINK1_KO_SNCA_A53T	Disease	PINK1_KO_SNCA_A53T	24_weeks	M	GSE60413	PD	GSE60413_s_Pink1_KO_SNCA_A53T_24w_rep2
GSE60413_24_weeks	GSE60413_24_weeks_s_Pink1_KO_SNCA_A53T_24w_rep3	PINK1_KO_SNCA_A53T	Disease	PINK1_KO_SNCA_A53T	24_weeks	M	GSE60413	PD	GSE60413_s_Pink1_KO_SNCA_A53T_24w_rep3
GSE60413_24_weeks	GSE60413_24_weeks_s_WT_24w_rep1	WT	WT	WT	24_weeks	M	GSE60413	PD	GSE60413_s_WT_24w_rep1
GSE60413_24_weeks	GSE60413_24_weeks_s_WT_24w_rep2	WT	WT	WT	24_weeks	M	GSE60413	PD	GSE60413_s_WT_24w_rep2
GSE60413_24_weeks	GSE60413_24_weeks_s_WT_24w_rep3	WT	WT	WT	24_weeks	M	GSE60413	PD	GSE60413_s_WT_24w_rep3
GSE60414_6_months	GSE60414_6_months_c_Pink1_KO_SNCA_A53T_6m_rep1	PINK1_KO_SNCA_A53T	Disease	PINK1_KO_SNCA_A53T	6_months	M	GSE60414	PD	GSE60414_c_Pink1_KO_SNCA_A53T_6m_rep1
GSE60414_6_months	GSE60414_6_months_c_Pink1_KO_SNCA_A53T_6m_rep2	PINK1_KO_SNCA_A53T	Disease	PINK1_KO_SNCA_A53T	6_months	M	GSE60414	PD	GSE60414_c_Pink1_KO_SNCA_A53T_6m_rep2
GSE60414_6_months	GSE60414_6_months_c_Pink1_KO_SNCA_A53T_6m_rep3	PINK1_KO_SNCA_A53T	Disease	PINK1_KO_SNCA_A53T	6_months	M	GSE60414	PD	GSE60414_c_Pink1_KO_SNCA_A53T_6m_rep3
GSE60414_6_months	GSE60414_6_months_c_WT_6m_rep1	WT	WT	WT	6_months	M	GSE60414	PD	GSE60414_c_WT_6m_rep1
GSE60414_6_months	GSE60414_6_months_c_WT_6m_rep2	WT	WT	WT	6_months	M	GSE60414	PD	GSE60414_c_WT_6m_rep2
GSE60414_6_months	GSE60414_6_months_c_WT_6m_rep3	WT	WT	WT	6_months	M	GSE60414	PD	GSE60414_c_WT_6m_rep3
GSE60414_6_months	GSE60414_6_months_m_Pink1_KO_SNCA_A53T_6m_rep1	PINK1_KO_SNCA_A53T	Disease	PINK1_KO_SNCA_A53T	6_months	M	GSE60414	PD	GSE60414_m_Pink1_KO_SNCA_A53T_6m_rep1
GSE60414_6_months	GSE60414_6_months_m_Pink1_KO_SNCA_A53T_6m_rep2	PINK1_KO_SNCA_A53T	Disease	PINK1_KO_SNCA_A53T	6_months	M	GSE60414	PD	GSE60414_m_Pink1_KO_SNCA_A53T_6m_rep2
GSE60414_6_months	GSE60414_6_months_m_Pink1_KO_SNCA_A53T_6m_rep3	PINK1_KO_SNCA_A53T	Disease	PINK1_KO_SNCA_A53T	6_months	M	GSE60414	PD	GSE60414_m_Pink1_KO_SNCA_A53T_6m_rep3
GSE60414_6_months	GSE60414_6_months_m_WT_6m_rep1	WT	WT	WT	6_months	M	GSE60414	PD	GSE60414_m_WT_6m_rep1
GSE60414_6_months	GSE60414_6_months_m_WT_6m_rep2	WT	WT	WT	6_months	M	GSE60414	PD	GSE60414_m_WT_6m_rep2
GSE60414_6_months	GSE60414_6_months_m_WT_6m_rep3	WT	WT	WT	6_months	M	GSE60414	PD	GSE60414_m_WT_6m_rep3
GSE60414_6_months	GSE60414_6_months_s_Pink1_KO_SNCA_A53T_6m_rep1	PINK1_KO_SNCA_A53T	Disease	PINK1_KO_SNCA_A53T	6_months	M	GSE60414	PD	GSE60414_s_Pink1_KO_SNCA_A53T_6m_rep1
GSE60414_6_months	GSE60414_6_months_s_Pink1_KO_SNCA_A53T_6m_rep2	PINK1_KO_SNCA_A53T	Disease	PINK1_KO_SNCA_A53T	6_months	M	GSE60414	PD	GSE60414_s_Pink1_KO_SNCA_A53T_6m_rep2
GSE60414_6_months	GSE60414_6_months_s_Pink1_KO_SNCA_A53T_6m_rep3	PINK1_KO_SNCA_A53T	Disease	PINK1_KO_SNCA_A53T	6_months	M	GSE60414	PD	GSE60414_s_Pink1_KO_SNCA_A53T_6m_rep3
GSE60414_6_months	GSE60414_6_months_s_WT_6m_rep1	WT	WT	WT	6_months	M	GSE60414	PD	GSE60414_s_WT_6m_rep1
GSE60414_6_months	GSE60414_6_months_s_WT_6m_rep2	WT	WT	WT	6_months	M	GSE60414	PD	GSE60414_s_WT_6m_rep2
GSE60414_6_months	GSE60414_6_months_s_WT_6m_rep3	WT	WT	WT	6_months	M	GSE60414	PD	GSE60414_s_WT_6m_rep3
GSE31458.2_2-3_months	GSE31458.2_2-3_months_CPU_S_ctrl1	WT	WT	WT	2-3_months	M	GSE31458.2	PD	GSE31458_CPU_S_ctrl1
GSE31458.2_2-3_months	GSE31458.2_2-3_months_CPU_S_ctrl2	WT	WT	WT	2-3_months	M	GSE31458.2	PD	GSE31458_CPU_S_ctrl2
GSE31458.2_2-3_months	GSE31458.2_2-3_months_CPU_S_MPTP1	S_MPTP	Disease	S_MPTP	2-3_months	M	GSE31458.2	PD	GSE31458_CPU_S_MPTP1
GSE31458.2_2-3_months	GSE31458.2_2-3_months_CPU_S_MPTP2	S_MPTP	Disease	S_MPTP	2-3_months	M	GSE31458.2	PD	GSE31458_CPU_S_MPTP2
GSE8030_8_weeks	GSE8030_8_weeks_Control1	WT	WT	WT	8_weeks	M	GSE8030	PD	GSE8030_Control1
GSE8030_8_weeks	GSE8030_8_weeks_Control2	WT	WT	WT	8_weeks	M	GSE8030	PD	GSE8030_Control2
GSE8030_8_weeks	GSE8030_8_weeks_Control3	WT	WT	WT	8_weeks	M	GSE8030	PD	GSE8030_Control3
GSE8030_8_weeks	GSE8030_8_weeks_METH1	METH	Disease	PD	8_weeks	M	GSE8030	PD	GSE8030_METH1
GSE8030_8_weeks	GSE8030_8_weeks_METH2	METH	Disease	PD	8_weeks	M	GSE8030	PD	GSE8030_METH2
GSE8030_8_weeks	GSE8030_8_weeks_METH3	METH	Disease	PD	8_weeks	M	GSE8030	PD	GSE8030_METH3
GSE8030_8_weeks	GSE8030_8_weeks_MPTP1	MPTP	Disease	PD	8_weeks	M	GSE8030	PD	GSE8030_MPTP1
GSE8030_8_weeks	GSE8030_8_weeks_MPTP2	MPTP	Disease	PD	8_weeks	M	GSE8030	PD	GSE8030_MPTP2
GSE8030_8_weeks	GSE8030_8_weeks_MPTP3	MPTP	Disease	PD	8_weeks	M	GSE8030	PD	GSE8030_MPTP3
GSE7707_14_weeks	GSE7707_14_weeks_striatum_mptp_rep1	MPTP	Disease	MPTP	14_weeks	M	GSE7707	PD	GSE7707_striatum_mptp_rep1
GSE7707_14_weeks	GSE7707_14_weeks_striatum_mptp_rep2	MPTP	Disease	MPTP	14_weeks	M	GSE7707	PD	GSE7707_striatum_mptp_rep2
GSE7707_14_weeks	GSE7707_14_weeks_striatum_mptp_rep3	MPTP	Disease	MPTP	14_weeks	M	GSE7707	PD	GSE7707_striatum_mptp_rep3
GSE7707_14_weeks	GSE7707_14_weeks_striatum_WT_rep1	WT	WT	WT	14_weeks	M	GSE7707	PD	GSE7707_striatum_WT_rep1
GSE7707_14_weeks	GSE7707_14_weeks_striatum_WT_rep2	WT	WT	WT	14_weeks	M	GSE7707	PD	GSE7707_striatum_WT_rep2
GSE7707_14_weeks	GSE7707_14_weeks_striatum_WT_rep3	WT	WT	WT	14_weeks	M	GSE7707	PD	GSE7707_striatum_WT_rep3
GSE24838_10_weeks	GSE24838_10_weeks_Control_rep1_striatum	WT	WT	WT	10_weeks	M	GSE24838	PD	GSE24838_Control_rep1_striatum
GSE24838_10_weeks	GSE24838_10_weeks_Control_rep2_striatum	WT	WT	WT	10_weeks	M	GSE24838	PD	GSE24838_Control_rep2_striatum
GSE24838_10_weeks	GSE24838_10_weeks_MPTP_rep1_striatum	MPTP	Disease	MPTP	10_weeks	M	GSE24838	PD	GSE24838_MPTP_rep1_striatum
GSE24838_10_weeks	GSE24838_10_weeks_MPTP_rep2_striatum	MPTP	Disease	MPTP	10_weeks	M	GSE24838	PD	GSE24838_MPTP_rep2_striatum
GSE60080_8_weeks	GSE60080_8_weeks_Acute_1W_1	acute_MPTP	Disease	PD	8_weeks	M	GSE60080	PD	GSE60080_Acute_1W_1
GSE60080_8_weeks	GSE60080_8_weeks_Acute_1W_2	acute_MPTP	Disease	PD	8_weeks	M	GSE60080	PD	GSE60080_Acute_1W_2
GSE60080_8_weeks	GSE60080_8_weeks_Acute_1W_3	acute_MPTP	Disease	PD	8_weeks	M	GSE60080	PD	GSE60080_Acute_1W_3
GSE60080_8_weeks	GSE60080_8_weeks_Chronic_8W_1	chronic_MPTP	Disease	PD	8_weeks	M	GSE60080	PD	GSE60080_Chronic_8W_1
GSE60080_8_weeks	GSE60080_8_weeks_Chronic_8W_2	chronic_MPTP	Disease	PD	8_weeks	M	GSE60080	PD	GSE60080_Chronic_8W_2
GSE60080_8_weeks	GSE60080_8_weeks_Chronic_8W_3	chronic_MPTP	Disease	PD	8_weeks	M	GSE60080	PD	GSE60080_Chronic_8W_3
GSE60080_8_weeks	GSE60080_8_weeks_Control_1	WT	WT	WT	8_weeks	M	GSE60080	PD	GSE60080_Control_1
GSE60080_8_weeks	GSE60080_8_weeks_Control_2	WT	WT	WT	8_weeks	M	GSE60080	PD	GSE60080_Control_2
GSE60080_8_weeks	GSE60080_8_weeks_Control_3	WT	WT	WT	8_weeks	M	GSE60080	PD	GSE60080_Control_3
